insert into Person (PID, First, MI, Last, Title, Gender, DOB, Email, Ethnicity, Profession, Street, City, State, ZIP, MailList)
values(1001, 'Daniel', 'S', 'Mckenzie', 'Big Baller', 'M', '17-FEB-89', 'Real@ddress.com', 'Extra-terrestrial', 'Ice Cream Taster', '100 Oracle Pkwy', 'Redwood City', 'CA', 94065, 1);
insert into Person (PID, First, MI, Last, Title, Gender, DOB, Email, Ethnicity, Profession, Street, City, State, ZIP, MailList)
values(1002, 'Jacob', 'C', 'Khoury', 'Big Baller', 'M', '24-JUN-96', 'Real@ddress.com', 'Extra-terrestrial', 'Ice Cream Taster', '100 Oracle Pkwy', 'Redwood City', 'CA', 94065, 1);
insert into Person (PID, First, MI, Last, Title, Gender, DOB, Email, Ethnicity, Profession, Street, City, State, ZIP, MailList)
values(1003, 'Shane', 'J', 'McClain', 'Big Baller', 'M', '31-DEC-94', 'Real@ddress.com', 'Extra-terrestrial', 'Ice Cream Taster', '100 Oracle Pkwy', 'Redwood City', 'CA', 94065, 1);
insert into Person (PID, First, MI, Last, Title, Gender, DOB, Email, Ethnicity, Profession, Street, City, State, ZIP, MailList)
values(1004, 'Brenden', 'D', 'Miller', 'Big Baller', 'M', '17-MAR-99', 'Real@ddress.com', 'Extra-terrestrial', 'Ice Cream Taster', '100 Oracle Pkwy', 'Redwood City', 'CA', 94065, 0);
insert into Person (PID, First, MI, Last, Title, Gender, DOB, Email, Ethnicity, Profession, Street, City, State, ZIP, MailList)
values(1005, 'Bun', 'Q', 'B', 'Hard', 'M', '17-JUN-81', 'Real@ddress.com', 'Islander', 'Rapper', '100 Oracle Pkwy', 'Greenwood City', 'TX', 94065, 1);
insert into Person (PID, First, MI, Last, Title, Gender, DOB, Email, Ethnicity, Profession, Street, City, State, ZIP, MailList)
values(1006, 'Dirty', 'A', 'Mike', 'The Tough', 'M', '17-DEC-79', 'Real@ddress.com', 'Xtra-White', 'Bouncer', '100 Oracle Pkwy', 'Yellowood City', 'TX', 94065, 1);
insert into Person (PID, First, MI, Last, Title, Gender, DOB, Email, Ethnicity, Profession, Street, City, State, ZIP, MailList)
values(1007, 'Jimmy', 'D', 'Bond', 'Double-O', 'M', '17-MAR-93', 'Real@ddress.com', 'British', 'Secret Agent', '100 Oracle Pkwy', 'Orangewood City', 'TX', 94065, 0);
insert into Person (PID, First, MI, Last, Title, Gender, DOB, Email, Ethnicity, Profession, Street, City, State, ZIP, MailList)
values(1008, 'Prison', 'S', 'Mike', 'Criminal', 'M', '17-JAN-30', 'Real@ddress.com', 'Caucasian', 'Fixer', '100 Oracle Pkwy', 'Bluewood City', 'GA', 94065, 1);
insert into Person (PID, First, MI, Last, Title, Gender, DOB, Email, Ethnicity, Profession, Street, City, State, ZIP, MailList)
values(1009, 'Shooter', 'C', 'McGavin', 'Honorable', 'F', '24-JUN-69', 'Real@ddress.com', 'American', 'Shootist', '100 Oracle Pkwy', 'Pinkwood City', 'CA', 94065, 1);
insert into Person (PID, First, MI, Last, Title, Gender, DOB, Email, Ethnicity, Profession, Street, City, State, ZIP, MailList)
values(1010, 'Buster', 'B', 'Brown', 'Mister', 'M', '31-DEC-00', 'Real@ddress.com', 'Mutt', 'Grifter', '100 Oracle Pkwy', 'Purplewood City', 'WI', 94065, 0);
insert into Person (PID, First, MI, Last, Title, Gender, DOB, Email, Ethnicity, Profession, Street, City, State, ZIP, MailList)
values(1011, 'Poor', 'C', 'Student', 'Homeless', 'M', '31-DEC-00', 'Real@ddress.com', 'Mutt', 'Student4Life', '100 Oracle Pkwy', 'Purplewood City', 'WI', 94065, 1);
insert into Person (PID, First, MI, Last, Title, Gender, DOB, Email, Ethnicity, Profession, Street, City, State, ZIP, MailList)
values(2001, 'Tyrion', 'A', 'Lannister', 'Lord', 'M', '21-SEP-17', 'Real@ddress.com', 'Southerner', 'Politician', '200 Oracle Pkwy', 'Winterfell', 'WA', 94065, 0);
insert into Person (PID, First, MI, Last, Title, Gender, DOB, Email, Ethnicity, Profession, Street, City, State, ZIP, MailList)
values(2002, 'Theon', 'G', 'Greyjoy', 'Big Baller', 'M', '29-SEP-23', 'Real@ddress.com', 'Iron-Islander', 'Sailor', '200 Oracle Pkwy', 'Redwood City', 'CA', 94065, 1);
insert into Person (PID, First, MI, Last, Title, Gender, DOB, Email, Ethnicity, Profession, Street, City, State, ZIP, MailList)
values(2003, 'Cersei', 'B', 'Lannister', 'Grace', 'F', '31-DEC-11', 'Real@ddress.com', 'Southerner', 'Queen', '100 Oracle Pkwy', 'Kings Landing', 'GA', 94065, 1);
insert into Person (PID, First, MI, Last, Title, Gender, DOB, Email, Ethnicity, Profession, Street, City, State, ZIP, MailList)
values(2004, 'Bran', 'D', 'Stark', 'Lord', 'M', '17-MAR-84', 'Real@ddress.com', 'Northerner', 'Psychic', '100 Oracle Pkwy', 'Winterfell', 'AK', 94065, 0);
insert into Person (PID, First, MI, Last, Title, Gender, DOB, Email, Ethnicity, Profession, Street, City, State, ZIP, MailList)
values(2005, 'Arya', 'Q', 'Stark', 'Lady', 'F', '17-JUN-81', 'Real@ddress.com', 'Northerner', 'Faceless', '100 Oracle Pkwy', 'Winterfell', 'CA', 94065, 1);
insert into Person (PID, First, MI, Last, Title, Gender, DOB, Email, Ethnicity, Profession, Street, City, State, ZIP, MailList)
values(2006, 'Sansa', 'A', 'Stark', 'Lady', 'F', '17-DEC-78', 'Real@ddress.com', 'Northerner', 'Queen', '100 Oracle Pkwy', 'Winterfell', 'TX', 94065, 1);
insert into Person (PID, First, MI, Last, Title, Gender, DOB, Email, Ethnicity, Profession, Street, City, State, ZIP, MailList)
values(2007, 'Jaime', 'D', 'Lannister', 'Lord', 'M', '17-MAR-93', 'Real@ddress.com', 'British', 'Commander', '100 Oracle Pkwy', 'Kings Landing', 'CA', 94065, 0);
insert into Person (PID, First, MI, Last, Title, Gender, DOB, Email, Ethnicity, Profession, Street, City, State, ZIP, MailList)
values(2008, 'Jon', 'S', 'Snow', 'Ser', 'M', '17-JAN-30', 'Real@ddress.com', 'Northerner', 'King', '100 Oracle Pkwy', 'Winterfell', 'CA', 94065, 1);
insert into Person (PID, First, MI, Last, Title, Gender, DOB, Email, Ethnicity, Profession, Street, City, State, ZIP, MailList)
values(2009, 'Daenerys', 'C', 'Targaryen', 'Grace', 'F', '24-JUN-69', 'Real@ddress.com', 'Dragon', 'Queen', '100 Oracle Pkwy', 'Winterfell', 'CA', 94065, 1);
insert into Person (PID, First, MI, Last, Title, Gender, DOB, Email, Ethnicity, Profession, Street, City, State, ZIP, MailList)
values(2010, 'Bron', 'B', 'Blackwater', 'Ser', 'M', '31-DEC-00', 'Real@ddress.com', 'Mutt', 'Grifter', '100 Oracle Pkwy', 'Casterly Rock', 'NY', 94065, 0);
insert into Person (PID, First, MI, Last, Title, Gender, DOB, Email, Ethnicity, Profession, Street, City, State, ZIP, MailList)
values(3001, 'Sonic', 'T', 'Hedgehog', 'Mr', 'M', '21-SEP-91', 'Real@ddress.com', 'Hedgehod', 'Speedster', '200 Oracle Pkwy', 'Winterfell', 'CA', 94065, 1);
insert into Person (PID, First, MI, Last, Title, Gender, DOB, Email, Ethnicity, Profession, Street, City, State, ZIP, MailList)
values(3002, 'Knuckles', 'T', 'Hedgehog', 'Puncher', 'M', '29-SEP-23', 'Real@ddress.com', 'Hedgehog', 'Tough Guy', '200 Oracle Pkwy', 'Redwood City', 'NH', 94065, 1);
insert into Person (PID, First, MI, Last, Title, Gender, DOB, Email, Ethnicity, Profession, Street, City, State, ZIP, MailList)
values(3003, 'Doctor', 'B', 'Eggman', 'Big Bad', 'M', '31-DEC-11', 'Real@ddress.com', 'American', 'Mad Scientist', '100 Oracle Pkwy', 'Kings Landing', 'CA', 94065, 1);
insert into Person (PID, First, MI, Last, Title, Gender, DOB, Email, Ethnicity, Profession, Street, City, State, ZIP, MailList)
values(3004, 'Mario', 'M', 'Mario', 'Mr', 'M', '17-MAR-84', 'Real@ddress.com', 'Italian', 'Plumber', '100 Oracle Pkwy', 'Winterfell', 'RI', 94065, 0);
insert into Person (PID, First, MI, Last, Title, Gender, DOB, Email, Ethnicity, Profession, Street, City, State, ZIP, MailList)
values(3005, 'Luigi', 'M', 'Mario', 'Mr', 'M', '17-JUN-81', 'Real@ddress.com', 'Italian', 'Plumber', '100 Oracle Pkwy', 'Winterfell', 'CA', 94065, 1);
insert into Person (PID, First, MI, Last, Title, Gender, DOB, Email, Ethnicity, Profession, Street, City, State, ZIP, MailList)
values(3006, 'Wamario', 'W', 'Waluigi', 'Mr', 'M', '17-DEC-78', 'Real@ddress.com', 'Purple', 'Crook', '100 Oracle Pkwy', 'Winterfell', 'CA', 94065, 1);
insert into Person (PID, First, MI, Last, Title, Gender, DOB, Email, Ethnicity, Profession, Street, City, State, ZIP, MailList)
values(3007, 'Wario', 'W', 'Wario', 'Mr', 'M', '17-MAR-93', 'Real@ddress.com', 'Warian', 'Plunderer', '100 Oracle Pkwy', 'Kings Landing', 'CT', 94065, 0);
insert into Person (PID, First, MI, Last, Title, Gender, DOB, Email, Ethnicity, Profession, Street, City, State, ZIP, MailList)
values(3008, 'Goomba', 'T', 'Goomberton', 'Ser', 'M', '17-JAN-30', 'Real@ddress.com', 'Underground', 'Walker', '100 Oracle Pkwy', 'Winterfell', 'CA', 94065, 1);
insert into Person (PID, First, MI, Last, Title, Gender, DOB, Email, Ethnicity, Profession, Street, City, State, ZIP, MailList)
values(3009, 'Princess', 'P', 'Peach', 'Grace', 'F', '24-JUN-69', 'Real@ddress.com', 'Italian', 'Princess', '100 Oracle Pkwy', 'Winterfell', 'TX', 94065, 1);
insert into Person (PID, First, MI, Last, Title, Gender, DOB, Email, Ethnicity, Profession, Street, City, State, ZIP, MailList)
values(3010, 'King', 'B', 'Bowser', 'Ser', 'M', '31-DEC-00', 'Real@ddress.com', 'Turtle', 'Antagonist', '100 Oracle Pkwy', 'Casterly Rock', 'CA', 94065, 0);
insert into Person (PID, First, MI, Last, Title, Gender, DOB, Email, Ethnicity, Profession, Street, City, State, ZIP, MailList)
values(4001, 'Pik', 'A', 'Chu', 'Mr', 'M', '21-SEP-91', 'Real@ddress.com', 'Rat', 'Pokemon', '200 Oracle Pkwy', 'Winterfell', 'CA', 94065, 1);
insert into Person (PID, First, MI, Last, Title, Gender, DOB, Email, Ethnicity, Profession, Street, City, State, ZIP, MailList)
values(4002, 'Squ', 'I', 'Rtle', 'Mrs', 'F', '29-SEP-23', 'Real@ddress.com', 'Turtle', 'Pokemon', '200 Oracle Pkwy', 'Redwood City', 'CA', 94065, 1);
insert into Person (PID, First, MI, Last, Title, Gender, DOB, Email, Ethnicity, Profession, Street, City, State, ZIP, MailList)
values(4003, 'Bulb', 'A', 'Saur', 'Big Bad', 'M', '31-DEC-11', 'Real@ddress.com', 'Plant', 'Pokemon', '100 Oracle Pkwy', 'Kings Landing', 'AK', 94065, 1);
insert into Person (PID, First, MI, Last, Title, Gender, DOB, Email, Ethnicity, Profession, Street, City, State, ZIP, MailList)
values(4004, 'Char', 'I', 'Zard', 'Mr', 'M', '17-MAR-84', 'Real@ddress.com', 'Dragon', 'Pokemon', '100 Oracle Pkwy', 'Winterfell', 'ND', 94065, 0);
insert into Person (PID, First, MI, Last, Title, Gender, DOB, Email, Ethnicity, Profession, Street, City, State, ZIP, MailList)
values(4005, 'Ee', 'V', 'Ee', 'Mr', 'M', '17-JUN-81', 'Real@ddress.com', 'Rat', 'Pokemon', '100 Oracle Pkwy', 'Winterfell', 'CA', 94065, 1);
insert into Person (PID, First, MI, Last, Title, Gender, DOB, Email, Ethnicity, Profession, Street, City, State, ZIP, MailList)
values(4006, 'Cha', 'R', 'Mander', 'Mr', 'M', '17-DEC-78', 'Real@ddress.com', 'Dragon', 'Pokemon', '100 Oracle Pkwy', 'Winterfell', 'SC', 94065, 1);
insert into Person (PID, First, MI, Last, Title, Gender, DOB, Email, Ethnicity, Profession, Street, City, State, ZIP, MailList)
values(4007, 'Venu', 'S', 'Aur', 'Mrs', 'F', '17-MAR-93', 'Real@ddress.com', 'Plant', 'Pokemon', '100 Oracle Pkwy', 'Kings Landing', 'CA', 94065, 0);
insert into Person (PID, First, MI, Last, Title, Gender, DOB, Email, Ethnicity, Profession, Street, City, State, ZIP, MailList)
values(4008, 'War', 'T', 'ortle', 'Ser', 'M', '17-JAN-30', 'Real@ddress.com', 'Turtle', 'Pokemon', '100 Oracle Pkwy', 'Winterfell', 'NC', 94065, 1);
insert into Person (PID, First, MI, Last, Title, Gender, DOB, Email, Ethnicity, Profession, Street, City, State, ZIP, MailList)
values(4009, 'Char', 'M', 'Ander', 'Mrs', 'F', '24-JUN-69', 'Real@ddress.com', 'Dragon', 'Pokemon', '100 Oracle Pkwy', 'Winterfell', 'CA', 94065, 1);
insert into Person (PID, First, MI, Last, Title, Gender, DOB, Email, Ethnicity, Profession, Street, City, State, ZIP, MailList)
values(4010, 'Ivy', 'S', 'Aur', 'Ser', 'M', '31-DEC-00', 'Real@ddress.com', 'Plant', 'Pokemon', '100 Oracle Pkwy', 'Casterly Rock', 'TX', 94065, 0);
insert into Employee(PID, EmpTitle, Type, MarStatus, HireDate, MonSal)
values(1001, 'Manager', 'Full', 'M', '20-APR-2019', 10000000);
insert into Employee(PID, EmpTitle, Type, MarStatus, HireDate, MonSal)
values(1002, 'Manager', 'Full', 'S', '20-APR-2019', 10000000);
insert into Employee(PID, EmpTitle, Type, MarStatus, HireDate, MonSal)
values(1003, 'Manager', 'Full', 'S', '20-APR-2019', 10000000);
insert into Employee(PID, EmpTitle, Type, MarStatus, HireDate, MonSal)
values(1004, 'Manager', 'Full', 'S', '20-APR-2019', 10000000);
insert into Employee(PID, EmpTitle, Type, MarStatus, HireDate, MonSal)
values(1005, 'Underling', 'P/T', 'M', '20-APR-1919', 23450);
insert into Employee(PID, EmpTitle, Type, MarStatus, HireDate, MonSal)
values(1006, 'Underling', 'P/T', 'M', '20-APR-1919', 34560);
insert into Employee(PID, EmpTitle, Type, MarStatus, HireDate, MonSal)
values(1007, 'Underling', 'P/T', 'M', '20-APR-1919', 51200);
insert into Employee(PID, EmpTitle, Type, MarStatus, HireDate, MonSal)
values(1008, 'Underling', 'P/T', 'M', '20-APR-1919', 18452);
insert into Employee(PID, EmpTitle, Type, MarStatus, HireDate, MonSal)
values(1009, 'Underling', 'P/T', 'M', '20-APR-1919', 36540);
insert into Employee(PID, EmpTitle, Type, MarStatus, HireDate, MonSal)
values(1010, 'Underling', 'P/T', 'M', '20-APR-1919', 1000);
insert into Employee(PID, EmpTitle, Type, MarStatus, HireDate, MonSal)
values(1011, 'NoLife', 'Full', 'S',  '20-APR-1919', 450);
insert into Client(PID, DocFirst, DocLast, DocPhone, AttFirst, AttLast, AttPhone, JoinDate)
values(2001, 'Doc', 'Brown', 5550198, 'Bob', 'Loblaw', 5550199, '01-JAN-2001'); 
insert into Client(PID, DocFirst, DocLast, DocPhone, AttFirst, AttLast, AttPhone, JoinDate)
values(2002, 'Doctor', 'Crusher', 5550197, 'Bruce', 'Willis', 5550196, '01-JAN-2001'); 
insert into Client(PID, DocFirst, DocLast, DocPhone, AttFirst, AttLast, AttPhone, JoinDate)
values(2003, 'Doc', 'Brown', 5550198, 'Bob', 'Loblaw', 5550199, '01-JAN-2001'); 
insert into Client(PID, DocFirst, DocLast, DocPhone, AttFirst, AttLast, AttPhone, JoinDate)
values(2004, 'Doogie', 'Howser', 5550197, 'Bruce', 'Willis', 5550196, '01-JAN-2001'); 
insert into Client(PID, DocFirst, DocLast, DocPhone, AttFirst, AttLast, AttPhone, JoinDate)
values(2005, 'Doctor', 'Octopus', 5550198, 'Bob', 'Loblaw', 5550199, '01-JAN-2001'); 
insert into Client(PID, DocFirst, DocLast, DocPhone, AttFirst, AttLast, AttPhone, JoinDate)
values(2006, 'Doctor', 'Zhivago', 5550197, 'Bruce', 'Willis', 5550196, '01-JAN-2001'); 
insert into Client(PID, DocFirst, DocLast, DocPhone, AttFirst, AttLast, AttPhone, JoinDate)
values(2007, 'Doogie', 'Howser', 5550198, 'Bob', 'Loblaw', 5550199, '01-JAN-2001'); 
insert into Client(PID, DocFirst, DocLast, DocPhone, AttFirst, AttLast, AttPhone, JoinDate)
values(2008, 'Doctor', 'Zhivago', 5550197, 'Bruce', 'Willis', 5550196, '01-JAN-2001'); 
insert into Client(PID, DocFirst, DocLast, DocPhone, AttFirst, AttLast, AttPhone, JoinDate)
values(2009, 'Doc', 'Brown', 5550198, 'Bob', 'Loblaw', 5550199, '01-JAN-2001'); 
insert into Client(PID, DocFirst, DocLast, DocPhone, AttFirst, AttLast, AttPhone, JoinDate)
values(2010, 'Doctor', 'Crusher', 5550197, 'Bruce', 'Willis', 5550196, '01-JAN-2001'); 
insert into Volunteer(PID, DateJoined)
values(3001, '25-DEC-1969');
insert into Volunteer(PID, DateJoined)
values(3002, '26-DEC-1969');
insert into Volunteer(PID, DateJoined)
values(3003, '27-DEC-1969');
insert into Volunteer(PID, DateJoined)
values(3004, '28-DEC-1969');
insert into Volunteer(PID, DateJoined)
values(3005, '29-DEC-1969');
insert into Volunteer(PID, DateJoined)
values(3006, '30-DEC-1969');
insert into Volunteer(PID, DateJoined)
values(3007, '31-DEC-1969');
insert into Volunteer(PID, DateJoined)
values(3008, '25-JAN-1969');
insert into Volunteer(PID, DateJoined)
values(3009, '25-FEB-1969');
insert into Volunteer(PID, DateJoined)
values(3010, '25-DEC-1968');
insert into Donor(PID)
values(4001);
insert into Donor(PID)
values(4002);
insert into Donor(PID)
values(4003);
insert into Donor(PID)
values(4004);
insert into Donor(PID)
values(4005);
insert into Donor(PID)
values(4006);
insert into Donor(PID)
values(4007);
insert into Donor(PID)
values(4008);
insert into Donor(PID)
values(4009);
insert into Donor(PID)
values(4010);
Insert into Donor(PID)
values(2001);
insert into Team(TeamName, Type, Leader, DateFormed, PID)
values('Slackers', 'Paid', '3001', '20-APR-2019', 1001);
insert into Team(TeamName, Type, Leader, DateFormed, PID)
values('Dufusses', 'Paid', '3003', '20-APR-2019', 1005);
insert into Team(TeamName, Type, Leader, DateFormed, PID)
values('Goobers', 'Free', '3004', '20-APR-2019', 1006);
insert into Team(TeamName, Type, Leader, DateFormed, PID)
values('Slammers', 'Paid', '3002', '20-APR-2019', 1006);
insert into Team(TeamName, Type, Leader, DateFormed, PID)
values('Whippits', 'Paid', '3008', '20-APR-2019', 1007);
insert into Team(TeamName, Type, Leader, DateFormed, PID)
values('Suckahs', 'Paid', '3007', '20-APR-2019', 1007);
insert into Team(TeamName, Type, Leader, DateFormed, PID)
values('Nerds', 'Paid', '3006', '20-APR-2019', 1008);
insert into Team(TeamName, Type, Leader, DateFormed, PID)
values('Boyz', 'Paid', '3005', '20-APR-2019', 1008);
insert into Team(TeamName, Type, Leader, DateFormed, PID)
values('Girlz', 'Paid', '3009', '20-APR-2019', 1010);
insert into Team(TeamName, Type, Leader, DateFormed, PID)
values('Clowns', 'Paid', '3010', '20-APR-2019', 1010);
insert into Expense(PID, ExpenseNo, Description, ExpDate, Amount)
values(1001, 7001, 'Sports Car', '20-MAR-2019', 95000.99);
insert into Expense(PID, ExpenseNo, Description, ExpDate, Amount)
values(1001, 7002, 'Sports Yacht', '20-MAR-2019', 75000.99);
insert into Expense(PID, ExpenseNo, Description, ExpDate, Amount)
values(1001, 7003, 'Car Sports', '20-MAR-2019', 55000.99);
insert into Expense(PID, ExpenseNo, Description, ExpDate, Amount)
values(1001, 7004, 'Candy', '20-MAR-2019', 35000.99);
insert into Expense(PID, ExpenseNo, Description, ExpDate, Amount)
values(1002, 7001, 'Tickets', '20-MAR-2019', 84000.99);
insert into Expense(PID, ExpenseNo, Description, ExpDate, Amount)
values(1002, 7002, 'Cake', '20-MAR-2019', 12000.99);
insert into Expense(PID, ExpenseNo, Description, ExpDate, Amount)
values(1002, 7003, 'Gumballs', '20-MAR-2019', 76000.99);
insert into Expense(PID, ExpenseNo, Description, ExpDate, Amount)
values(1003, 7001, 'TP', '20-MAR-2019', 81000.99);
insert into Expense(PID, ExpenseNo, Description, ExpDate, Amount)
values(1003, 7002, 'Milk', '20-MAR-2019', 31000.99);
insert into Expense(PID, ExpenseNo, Description, ExpDate, Amount)
values(1003, 7003, 'Bread', '20-MAR-2019', 89000.99);
insert into Expense(PID, ExpenseNo, Description, ExpDate, Amount)
values(1004, 7001, 'Space', '20-MAR-2019', 67000.99);
insert into Expense(PID, ExpenseNo, Description, ExpDate, Amount)
values(1004, 7002, 'Soul', '20-MAR-2019', 30000.99);
insert into Expense(PID, ExpenseNo, Description, ExpDate, Amount)
values(1005, 7003, 'Dentist', '20-MAR-2019', 34000.99);
insert into Expense(PID, ExpenseNo, Description, ExpDate, Amount)
values(1005, 7004, 'Personal', '20-MAR-2019', 75000.99);
insert into Expense(PID, ExpenseNo, Description, ExpDate, Amount)
values(1006, 7001, 'Blackmail', '20-MAR-2019', 63000.99);
insert into Expense(PID, ExpenseNo, Description, ExpDate, Amount)
values(1006, 7002, 'Thermos', '20-MAR-2019', 82000.99);
insert into Expense(PID, ExpenseNo, Description, ExpDate, Amount)
values(1007, 7001, 'Shots', '20-MAR-2019', 91000.99);
insert into Expense(PID, ExpenseNo, Description, ExpDate, Amount)
values(1008, 7001, 'Crap', '20-MAR-2019', 75000.99);
insert into Expense(PID, ExpenseNo, Description, ExpDate, Amount)
values(1008, 7002, 'Happiness', '20-MAR-2019', 96000.99);
insert into Expense(PID, ExpenseNo, Description, ExpDate, Amount)
values(1008, 7003, 'Cheese', '20-MAR-2019', 79000.99);
insert into Expense(PID, ExpenseNo, Description, ExpDate, Amount)
values(1008, 7004, 'Tractor', '20-MAR-2019', 50000.99);
insert into Expense(PID, ExpenseNo, Description, ExpDate, Amount)
values(1009, 7001, 'Water', '20-MAR-2019', 35000.99);
insert into Expense(PID, ExpenseNo, Description, ExpDate, Amount)
values(1009, 7002, 'Coffee', '20-MAR-2019', 45000.99);
insert into Expense(PID, ExpenseNo, Description, ExpDate, Amount)
values(1010, 7001, 'Fruit', '20-MAR-2019', 65000.99);
insert into Expense(PID, ExpenseNo, Description, ExpDate, Amount)
values(1010, 7002, 'Socks', '20-MAR-2019', 45000.99);
insert into Expense(PID, ExpenseNo, Description, ExpDate, Amount)
values(1010, 7003, 'Votes', '20-MAR-2019', 250.99);
insert into Expense(PID, ExpenseNo, Description, ExpDate, Amount)
values(1010, 7004, 'Books', '20-MAR-2019', 85000.99);
insert into Expense(PID, ExpenseNo, Description, ExpDate, Amount)
values(1011, 7004, 'NewLife', '20-MAR-2019', 85000.99);
insert into Organization(OrgName, Address, Type, Website, OffContact)
values('Oracle', '100 Oracle Pkwy Redwood, CA', 'Tech', 'www.oracle.com', 1001);
insert into Organization(OrgName, Address, Type, Website, OffContact)
values('Microsoft', '100 Micro Pkwy Seattle, WA', 'Tech', 'www.msft.com', 1001);
insert into Organization(OrgName, Address, Type, Website, OffContact)
values('Apple', '100 Apple Rd Portland, OR', 'Tech', 'www.apple.com', 1002);
insert into Organization(OrgName, Address, Type, Website, OffContact)
values('Ben N Jerrys', '100 Ice Cream Rd Redwood, CA', 'Food', 'www.bnj.com', 1003);
insert into Organization(OrgName, Address, Type, Website, OffContact)
values('United', '100 United Rd Redwood, CA', 'Health', 'www.united.com', 1003);
insert into Organization(OrgName, Address, Type, Website, OffContact)
values('Marvel', '100 Supers Rd Redwood, CA', 'Movies', 'www.marvel.com', 1004);
insert into Organization(OrgName, Address, Type, Website, OffContact)
values('Tesla', '100 Robots St Redwood, CA', 'Auto', 'www.tesla.com', 1002);
insert into Organization(OrgName, Address, Type, Website, OffContact)
values('Ford', '100 Cars Rd Redwood, CA', 'Auto', 'www.ford.com', 1006);
insert into Organization(OrgName, Address, Type, Website, OffContact)
values('U.S. Govt', '100 WhiteHouse Washinton, CA', 'Govt', 'www.us.com', 1007);
insert into Organization(OrgName, Address, Type, Website, OffContact)
values('Coca-Cola', '700 Soda Pkwy Redwood, CA', 'Food', 'www.cocacola.com', 1008);
insert into Contact(PID, CPhone, CType, IsPrimary)
values(1001, 5551234, 'Cell', 1);
insert into Contact(PID, CPhone, CType, IsPrimary)
values(1001, 5551235, 'Home', 0);
insert into Contact(PID, CPhone, CType, IsPrimary)
values(1001, 5551236, 'Business', 0);
insert into Contact(PID, CPhone, CType, IsPrimary)
values(1001, 5551237, 'Fax', 0);
insert into Contact(PID, CPhone, CType, IsPrimary)
values(1002, 5552234, 'Cell', 1);
insert into Contact(PID, CPhone, CType, IsPrimary)
values(1002, 5552235, 'Home', 0);
insert into Contact(PID, CPhone, CType, IsPrimary)
values(1002, 5552236, 'Business', 0);
insert into Contact(PID, CPhone, CType, IsPrimary)
values(1002, 5552237, 'Fax', 0);
insert into Contact(PID, CPhone, CType, IsPrimary)
values(1003, 5553234, 'Cell', 1);
insert into Contact(PID, CPhone, CType, IsPrimary)
values(1003, 5553235, 'Home', 0);
insert into Contact(PID, CPhone, CType, IsPrimary)
values(1003, 5553236, 'Business', 0);
insert into Contact(PID, CPhone, CType, IsPrimary)
values(1003, 5553237, 'Fax', 0);
insert into Contact(PID, CPhone, CType, IsPrimary)
values(1004, 5554234, 'Cell', 1);
insert into Contact(PID, CPhone, CType, IsPrimary)
values(1004, 5554235, 'Home', 0);
insert into Contact(PID, CPhone, CType, IsPrimary)
values(1004, 5554236, 'Business', 0);
insert into Contact(PID, CPhone, CType, IsPrimary)
values(1004, 5554237, 'Fax', 0);
insert into Contact(PID, CPhone, CType, IsPrimary)
values(1005, 5555234, 'Cell', 1);
insert into Contact(PID, CPhone, CType, IsPrimary)
values(1005, 5555235, 'Home', 0);
insert into Contact(PID, CPhone, CType, IsPrimary)
values(1005, 5555236, 'Business', 0);
insert into Contact(PID, CPhone, CType, IsPrimary)
values(1005, 5555237, 'Fax', 0);
insert into Contact(PID, CPhone, CType, IsPrimary)
values(1006, 5556234, 'Cell', 1);
insert into Contact(PID, CPhone, CType, IsPrimary)
values(1006, 5556235, 'Home', 0);
insert into Contact(PID, CPhone, CType, IsPrimary)
values(1006, 5556236, 'Business', 0);
insert into Contact(PID, CPhone, CType, IsPrimary)
values(1006, 5556237, 'Fax', 0);
insert into Contact(PID, CPhone, CType, IsPrimary)
values(1007, 5557234, 'Cell', 1);
insert into Contact(PID, CPhone, CType, IsPrimary)
values(1007, 5557235, 'Home', 0);
insert into Contact(PID, CPhone, CType, IsPrimary)
values(1007, 5557236, 'Business', 0);
insert into Contact(PID, CPhone, CType, IsPrimary)
values(1007, 5557237, 'Fax', 0);
insert into Contact(PID, CPhone, CType, IsPrimary)
values(1008, 5558234, 'Cell', 1);
insert into Contact(PID, CPhone, CType, IsPrimary)
values(1008, 5558235, 'Home', 0);
insert into Contact(PID, CPhone, CType, IsPrimary)
values(1008, 5558236, 'Business', 0);
insert into Contact(PID, CPhone, CType, IsPrimary)
values(1008, 5558237, 'Fax', 0);
insert into Contact(PID, CPhone, CType, IsPrimary)
values(1009, 5559234, 'Cell', 1);
insert into Contact(PID, CPhone, CType, IsPrimary)
values(1009, 5559235, 'Home', 0);
insert into Contact(PID, CPhone, CType, IsPrimary)
values(1009, 5559236, 'Business', 0);
insert into Contact(PID, CPhone, CType, IsPrimary)
values(1009, 5559237, 'Fax', 0);
insert into Contact(PID, CPhone, CType, IsPrimary)
values(1010, 5551034, 'Cell', 1);
insert into Contact(PID, CPhone, CType, IsPrimary)
values(1010, 5551035, 'Home', 0);
insert into Contact(PID, CPhone, CType, IsPrimary)
values(1010, 5551036, 'Business', 0);
insert into Contact(PID, CPhone, CType, IsPrimary)
values(1010, 5551037, 'Fax', 0);
insert into Contact(PID, CPhone, CType, IsPrimary)
values(2001, 5551234, 'Cell', 1);
insert into Contact(PID, CPhone, CType, IsPrimary)
values(2001, 5551235, 'Home', 0);
insert into Contact(PID, CPhone, CType, IsPrimary)
values(2001, 5551236, 'Business', 0);
insert into Contact(PID, CPhone, CType, IsPrimary)
values(2001, 5551237, 'Fax', 0);
insert into Contact(PID, CPhone, CType, IsPrimary)
values(2002, 5552234, 'Cell', 1);
insert into Contact(PID, CPhone, CType, IsPrimary)
values(2002, 5552235, 'Home', 0);
insert into Contact(PID, CPhone, CType, IsPrimary)
values(2002, 5552236, 'Business', 0);
insert into Contact(PID, CPhone, CType, IsPrimary)
values(2002, 5552237, 'Fax', 0);
insert into Contact(PID, CPhone, CType, IsPrimary)
values(2003, 5553234, 'Cell', 1);
insert into Contact(PID, CPhone, CType, IsPrimary)
values(2003, 5553235, 'Home', 0);
insert into Contact(PID, CPhone, CType, IsPrimary)
values(2003, 5553236, 'Business', 0);
insert into Contact(PID, CPhone, CType, IsPrimary)
values(2003, 5553237, 'Fax', 0);
insert into Contact(PID, CPhone, CType, IsPrimary)
values(2004, 5554234, 'Cell', 1);
insert into Contact(PID, CPhone, CType, IsPrimary)
values(2004, 5554235, 'Home', 0);
insert into Contact(PID, CPhone, CType, IsPrimary)
values(2004, 5554236, 'Business', 0);
insert into Contact(PID, CPhone, CType, IsPrimary)
values(2004, 5554237, 'Fax', 0);
insert into Contact(PID, CPhone, CType, IsPrimary)
values(2005, 5555234, 'Cell', 1);
insert into Contact(PID, CPhone, CType, IsPrimary)
values(2005, 5555235, 'Home', 0);
insert into Contact(PID, CPhone, CType, IsPrimary)
values(2005, 5555236, 'Business', 0);
insert into Contact(PID, CPhone, CType, IsPrimary)
values(2005, 5555237, 'Fax', 0);
insert into Contact(PID, CPhone, CType, IsPrimary)
values(2006, 5556234, 'Cell', 1);
insert into Contact(PID, CPhone, CType, IsPrimary)
values(2006, 5556235, 'Home', 0);
insert into Contact(PID, CPhone, CType, IsPrimary)
values(2006, 5556236, 'Business', 0);
insert into Contact(PID, CPhone, CType, IsPrimary)
values(2006, 5556237, 'Fax', 0);
insert into Contact(PID, CPhone, CType, IsPrimary)
values(2007, 5557234, 'Cell', 1);
insert into Contact(PID, CPhone, CType, IsPrimary)
values(2007, 5557235, 'Home', 0);
insert into Contact(PID, CPhone, CType, IsPrimary)
values(2007, 5557236, 'Business', 0);
insert into Contact(PID, CPhone, CType, IsPrimary)
values(2007, 5557237, 'Fax', 0);
insert into Contact(PID, CPhone, CType, IsPrimary)
values(2008, 5558234, 'Cell', 1);
insert into Contact(PID, CPhone, CType, IsPrimary)
values(2008, 5558235, 'Home', 0);
insert into Contact(PID, CPhone, CType, IsPrimary)
values(2008, 5558236, 'Business', 0);
insert into Contact(PID, CPhone, CType, IsPrimary)
values(2008, 5558237, 'Fax', 0);
insert into Contact(PID, CPhone, CType, IsPrimary)
values(2009, 5559234, 'Cell', 1);
insert into Contact(PID, CPhone, CType, IsPrimary)
values(2009, 5559235, 'Home', 0);
insert into Contact(PID, CPhone, CType, IsPrimary)
values(2009, 5559236, 'Business', 0);
insert into Contact(PID, CPhone, CType, IsPrimary)
values(2009, 5559237, 'Fax', 0);
insert into Contact(PID, CPhone, CType, IsPrimary)
values(2010, 5551034, 'Cell', 1);
insert into Contact(PID, CPhone, CType, IsPrimary)
values(2010, 5551035, 'Home', 0);
insert into Contact(PID, CPhone, CType, IsPrimary)
values(2010, 5551036, 'Business', 0);
insert into Contact(PID, CPhone, CType, IsPrimary)
values(2010, 5551037, 'Fax', 0);
insert into Contact(PID, CPhone, CType, IsPrimary)
values(3001, 5551234, 'Cell', 1);
insert into Contact(PID, CPhone, CType, IsPrimary)
values(3001, 5551235, 'Home', 0);
insert into Contact(PID, CPhone, CType, IsPrimary)
values(3001, 5551236, 'Business', 0);
insert into Contact(PID, CPhone, CType, IsPrimary)
values(3001, 5551237, 'Fax', 0);
insert into Contact(PID, CPhone, CType, IsPrimary)
values(3002, 5552234, 'Cell', 1);
insert into Contact(PID, CPhone, CType, IsPrimary)
values(3002, 5552235, 'Home', 0);
insert into Contact(PID, CPhone, CType, IsPrimary)
values(3002, 5552236, 'Business', 0);
insert into Contact(PID, CPhone, CType, IsPrimary)
values(3002, 5552237, 'Fax', 0);
insert into Contact(PID, CPhone, CType, IsPrimary)
values(3003, 5553234, 'Cell', 1);
insert into Contact(PID, CPhone, CType, IsPrimary)
values(3003, 5553235, 'Home', 0);
insert into Contact(PID, CPhone, CType, IsPrimary)
values(3003, 5553236, 'Business', 0);
insert into Contact(PID, CPhone, CType, IsPrimary)
values(3003, 5553237, 'Fax', 0);
insert into Contact(PID, CPhone, CType, IsPrimary)
values(3004, 5554234, 'Cell', 1);
insert into Contact(PID, CPhone, CType, IsPrimary)
values(3004, 5554235, 'Home', 0);
insert into Contact(PID, CPhone, CType, IsPrimary)
values(3004, 5554236, 'Business', 0);
insert into Contact(PID, CPhone, CType, IsPrimary)
values(3004, 5554237, 'Fax', 0);
insert into Contact(PID, CPhone, CType, IsPrimary)
values(3005, 5555234, 'Cell', 1);
insert into Contact(PID, CPhone, CType, IsPrimary)
values(3005, 5555235, 'Home', 0);
insert into Contact(PID, CPhone, CType, IsPrimary)
values(3005, 5555236, 'Business', 0);
insert into Contact(PID, CPhone, CType, IsPrimary)
values(3005, 5555237, 'Fax', 0);
insert into Contact(PID, CPhone, CType, IsPrimary)
values(3006, 5556234, 'Cell', 1);
insert into Contact(PID, CPhone, CType, IsPrimary)
values(3006, 5556235, 'Home', 0);
insert into Contact(PID, CPhone, CType, IsPrimary)
values(3006, 5556236, 'Business', 0);
insert into Contact(PID, CPhone, CType, IsPrimary)
values(3006, 5556237, 'Fax', 0);
insert into Contact(PID, CPhone, CType, IsPrimary)
values(3007, 5557234, 'Cell', 1);
insert into Contact(PID, CPhone, CType, IsPrimary)
values(3007, 5557235, 'Home', 0);
insert into Contact(PID, CPhone, CType, IsPrimary)
values(3007, 5557236, 'Business', 0);
insert into Contact(PID, CPhone, CType, IsPrimary)
values(3007, 5557237, 'Fax', 0);
insert into Contact(PID, CPhone, CType, IsPrimary)
values(3008, 5558234, 'Cell', 1);
insert into Contact(PID, CPhone, CType, IsPrimary)
values(3008, 5558235, 'Home', 0);
insert into Contact(PID, CPhone, CType, IsPrimary)
values(3008, 5558236, 'Business', 0);
insert into Contact(PID, CPhone, CType, IsPrimary)
values(3008, 5558237, 'Fax', 0);
insert into Contact(PID, CPhone, CType, IsPrimary)
values(3009, 5559234, 'Cell', 1);
insert into Contact(PID, CPhone, CType, IsPrimary)
values(3009, 5559235, 'Home', 0);
insert into Contact(PID, CPhone, CType, IsPrimary)
values(3009, 5559236, 'Business', 0);
insert into Contact(PID, CPhone, CType, IsPrimary)
values(3009, 5559237, 'Fax', 0);
insert into Contact(PID, CPhone, CType, IsPrimary)
values(3010, 5551034, 'Cell', 1);
insert into Contact(PID, CPhone, CType, IsPrimary)
values(3010, 5551035, 'Home', 0);
insert into Contact(PID, CPhone, CType, IsPrimary)
values(3010, 5551036, 'Business', 0);
insert into Contact(PID, CPhone, CType, IsPrimary)
values(3010, 5551037, 'Fax', 0);
insert into Contact(PID, CPhone, CType, IsPrimary)
values(4001, 5551234, 'Cell', 1);
insert into Contact(PID, CPhone, CType, IsPrimary)
values(4001, 5551235, 'Home', 0);
insert into Contact(PID, CPhone, CType, IsPrimary)
values(4001, 5551236, 'Business', 0);
insert into Contact(PID, CPhone, CType, IsPrimary)
values(4001, 5551237, 'Fax', 0);
insert into Contact(PID, CPhone, CType, IsPrimary)
values(4002, 5552234, 'Cell', 1);
insert into Contact(PID, CPhone, CType, IsPrimary)
values(4002, 5552235, 'Home', 0);
insert into Contact(PID, CPhone, CType, IsPrimary)
values(4002, 5552236, 'Business', 0);
insert into Contact(PID, CPhone, CType, IsPrimary)
values(4002, 5552237, 'Fax', 0);
insert into Contact(PID, CPhone, CType, IsPrimary)
values(4003, 5553234, 'Cell', 1);
insert into Contact(PID, CPhone, CType, IsPrimary)
values(4003, 5553235, 'Home', 0);
insert into Contact(PID, CPhone, CType, IsPrimary)
values(4003, 5553236, 'Business', 0);
insert into Contact(PID, CPhone, CType, IsPrimary)
values(4003, 5553237, 'Fax', 0);
insert into Contact(PID, CPhone, CType, IsPrimary)
values(4004, 5554234, 'Cell', 1);
insert into Contact(PID, CPhone, CType, IsPrimary)
values(4004, 5554235, 'Home', 0);
insert into Contact(PID, CPhone, CType, IsPrimary)
values(4004, 5554236, 'Business', 0);
insert into Contact(PID, CPhone, CType, IsPrimary)
values(4004, 5554237, 'Fax', 0);
insert into Contact(PID, CPhone, CType, IsPrimary)
values(4005, 5555234, 'Cell', 1);
insert into Contact(PID, CPhone, CType, IsPrimary)
values(4005, 5555235, 'Home', 0);
insert into Contact(PID, CPhone, CType, IsPrimary)
values(4005, 5555236, 'Business', 0);
insert into Contact(PID, CPhone, CType, IsPrimary)
values(4005, 5555237, 'Fax', 0);
insert into Contact(PID, CPhone, CType, IsPrimary)
values(4006, 5556234, 'Cell', 1);
insert into Contact(PID, CPhone, CType, IsPrimary)
values(4006, 5556235, 'Home', 0);
insert into Contact(PID, CPhone, CType, IsPrimary)
values(4006, 5556236, 'Business', 0);
insert into Contact(PID, CPhone, CType, IsPrimary)
values(4006, 5556237, 'Fax', 0);
insert into Contact(PID, CPhone, CType, IsPrimary)
values(4007, 5557234, 'Cell', 1);
insert into Contact(PID, CPhone, CType, IsPrimary)
values(4007, 5557235, 'Home', 0);
insert into Contact(PID, CPhone, CType, IsPrimary)
values(4007, 5557236, 'Business', 0);
insert into Contact(PID, CPhone, CType, IsPrimary)
values(4007, 5557237, 'Fax', 0);
insert into Contact(PID, CPhone, CType, IsPrimary)
values(4008, 5558234, 'Cell', 1);
insert into Contact(PID, CPhone, CType, IsPrimary)
values(4008, 5558235, 'Home', 0);
insert into Contact(PID, CPhone, CType, IsPrimary)
values(4008, 5558236, 'Business', 0);
insert into Contact(PID, CPhone, CType, IsPrimary)
values(4008, 5558237, 'Fax', 0);
insert into Contact(PID, CPhone, CType, IsPrimary)
values(4009, 5559234, 'Cell', 1);
insert into Contact(PID, CPhone, CType, IsPrimary)
values(4009, 5559235, 'Home', 0);
insert into Contact(PID, CPhone, CType, IsPrimary)
values(4009, 5559236, 'Business', 0);
insert into Contact(PID, CPhone, CType, IsPrimary)
values(4009, 5559237, 'Fax', 0);
insert into Contact(PID, CPhone, CType, IsPrimary)
values(4010, 5551034, 'Cell', 1);
insert into Contact(PID, CPhone, CType, IsPrimary)
values(4010, 5551035, 'Home', 0);
insert into Contact(PID, CPhone, CType, IsPrimary)
values(4010, 5551036, 'Business', 0);
insert into Contact(PID, CPhone, CType, IsPrimary)
values(4010, 5551037, 'Fax', 0);
insert into ClientNeeds(PID, Type, Priority)
values(2001, 'Yard', 8);
insert into ClientNeeds(PID, Type, Priority)
values(2001, 'Cleaning', 3);
insert into ClientNeeds(PID, Type, Priority)
values(2001, 'Food', 5);
insert into ClientNeeds(PID, Type, Priority)
values(2002, 'Books', 7);
insert into ClientNeeds(PID, Type, Priority)
values(2002, 'Cleaning', 5);
insert into ClientNeeds(PID, Type, Priority)
values(2002, 'Clothes', 2);
insert into ClientNeeds(PID, Type, Priority)
values(2003, 'Yard', 8);
insert into ClientNeeds(PID, Type, Priority)
values(2003, 'Cleaning', 3);
insert into ClientNeeds(PID, Type, Priority)
values(2003, 'Food', 5);
insert into ClientNeeds(PID, Type, Priority)
values(2004, 'Books', 7);
insert into ClientNeeds(PID, Type, Priority)
values(2004, 'Cleaning', 5);
insert into ClientNeeds(PID, Type, Priority)
values(2004, 'Clothes', 2);
insert into ClientNeeds(PID, Type, Priority)
values(2005, 'Yard', 8);
insert into ClientNeeds(PID, Type, Priority)
values(2005, 'Cleaning', 3);
insert into ClientNeeds(PID, Type, Priority)
values(2005, 'Food', 5);
insert into ClientNeeds(PID, Type, Priority)
values(2006, 'Books', 7);
insert into ClientNeeds(PID, Type, Priority)
values(2006, 'Cleaning', 5);
insert into ClientNeeds(PID, Type, Priority)
values(2006, 'Clothes', 2);
insert into ClientNeeds(PID, Type, Priority)
values(2007, 'Yard', 8);
insert into ClientNeeds(PID, Type, Priority)
values(2007, 'Cleaning', 3);
insert into ClientNeeds(PID, Type, Priority)
values(2007, 'Food', 5);
insert into ClientNeeds(PID, Type, Priority)
values(2008, 'Books', 7);
insert into ClientNeeds(PID, Type, Priority)
values(2008, 'Cleaning', 5);
insert into ClientNeeds(PID, Type, Priority)
values(2008, 'Clothes', 2);
insert into ClientNeeds(PID, Type, Priority)
values(2009, 'Yard', 8);
insert into ClientNeeds(PID, Type, Priority)
values(2009, 'Cleaning', 3);
insert into ClientNeeds(PID, Type, Priority)
values(2009, 'Food', 5);
insert into ClientNeeds(PID, Type, Priority)
values(2010, 'Books', 7);
insert into ClientNeeds(PID, Type, Priority)
values(2010, 'Cleaning', 5);
insert into ClientNeeds(PID, Type, Priority)
values(2010, 'Clothes', 2);
insert into Sponsor(TeamName, OrgName)
values('Boyz', 'Apple');
insert into Sponsor(TeamName, OrgName)
values('Clowns', 'Ben N Jerrys');
insert into Sponsor(TeamName, OrgName)
values('Dufusses', 'Coca-Cola');
insert into Sponsor(TeamName, OrgName)
values('Girlz', 'Ford');
insert into Sponsor(TeamName, OrgName)
values('Goobers', 'Marvel');
insert into Sponsor(TeamName, OrgName)
values('Nerds', 'Apple');
insert into Sponsor(TeamName, OrgName)
values('Boyz', 'Tesla');
insert into Sponsor(TeamName, OrgName)
values('Slammers', 'United');
insert into Sponsor(TeamName, OrgName)
values('Whippits', 'U.S. Govt');
insert into Sponsor(TeamName, OrgName)
values('Suckahs', 'Oracle');
insert into Sponsor(TeamName, OrgName)
values('Girlz', 'Microsoft');
insert into Drive(DriveTitle, Theme, Goal, StartDate, EndDate, Lead)
values('Get Money', 'Moneybags', 10, '12-APR-18', '20-APR-2019', 1001);
insert into Drive(DriveTitle, Theme, Goal, StartDate, EndDate, Lead)
values('Get Money2', 'Moneystash', 999999, '12-APR-13', '20-APR-2010', 1002);
insert into Drive(DriveTitle, Theme, Goal, StartDate, EndDate, Lead)
values('Get Money3', 'MoneyRiches', 999999, '12-APR-12', '20-APR-2028', 1003);
insert into Drive(DriveTitle, Theme, Goal, StartDate, EndDate, Lead)
values('Get Money4', 'Money4Me', 999999, '12-APR-11', '20-APR-2035', 1004);
insert into Drive(DriveTitle, Theme, Goal, StartDate, EndDate, Lead)
values('Get Money5', 'Moneymoney', 999999, '12-APR-16', '20-APR-2029', 1001);
insert into Drive(DriveTitle, Theme, Goal, StartDate, EndDate, Lead)
values('Get Money6', 'Moneypockets', 999999, '12-APR-2018', '20-APR-2019', 1002);
insert into Drive(DriveTitle, Theme, Goal, StartDate, EndDate, Lead)
values('Get Money7', 'Moneyholders', 999999, '12-APR-2014', '20-APR-2027', 1003);
insert into Drive(DriveTitle, Theme, Goal, StartDate, EndDate, Lead)
values('Get Money8', 'Moneyclips', 999999, '12-APR-2017', '20-APR-2025', 1005);
insert into Drive(DriveTitle, Theme, Goal, StartDate, EndDate, Lead)
values('Get Money9', 'Moneywallets', 999999, '12-APR-2018', '20-APR-2019', 1007);
insert into Drive(DriveTitle, Theme, Goal, StartDate, EndDate, Lead)
values('Get Money10', 'Moneypurses', 999999, '12-APR-2016', '20-APR-2017', 1009);
insert into Drive(DriveTitle, Theme, Goal, StartDate, EndDate, Lead)
values('Get Money11', 'Moneysacks', 999999, '12-APR-2020', '20-APR-2021', 1008);
insert into Donation(DID, PID, OrgName, Amount, PayType, DonDate, DriveTitle, IsAnonymous)
values(8001, 4001, NULL, 50, 'Check', '15-JUN-1982', 'Get Money10', 0);
insert into Donation(DID, PID, OrgName, Amount, PayType, DonDate, DriveTitle, IsAnonymous)
values(8002, NULL, NULL, 50000, 'Card', '30-SEP-2019', 'Get Money7', 1);
insert into Donation(DID, PID, OrgName, Amount, PayType, DonDate, DriveTitle, IsAnonymous)
values(8003, 4002, NULL, 900, 'Cash', '21-JUN-1999', 'Get Money', 0);
insert into Donation(DID, PID, OrgName, Amount, PayType, DonDate, DriveTitle, IsAnonymous)
values(8004, 4003, 'Microsoft', 40, 'Check', '20-APR-2019', NULL, 1);
insert into Donation(DID, PID, OrgName, Amount, PayType, DonDate, DriveTitle, IsAnonymous)
values(8005, NULL, NULL, 99999, 'Cash', '15-JUN-2020', 'Get Money11', 1);
insert into Donation(DID, PID, OrgName, Amount, PayType, DonDate, DriveTitle, IsAnonymous)
values(8006, 4001, NULL, 50, 'Check', '15-JUN-1982', 'Get Money10', 0);
insert into Donation(DID, PID, OrgName, Amount, PayType, DonDate, DriveTitle, IsAnonymous)
values(8007, 1007, 'Apple' , 50000, 'Card', '30-SEP-2019', 'Get Money7', 0);
insert into Donation(DID, PID, OrgName, Amount, PayType, DonDate, DriveTitle, IsAnonymous)
values(8008, 1002, NULL, 900, 'Cash', '21-JUN-1999', 'Get Money', 0);
insert into Donation(DID, PID, OrgName, Amount, PayType, DonDate, DriveTitle, IsAnonymous)
values(8009, 4003, 'Oracle', 40, 'Check', '20-APR-2019', NULL, 1);
insert into Donation(DID, PID, OrgName, Amount, PayType, DonDate, DriveTitle, IsAnonymous)
values(8010, NULL, NULL, 99999, 'Cash', '15-JUN-2020', 'Get Money11', 1);
insert into Donation(DID, PID, OrgName, Amount, PayType, DonDate, DriveTitle, isAnonymous)
values(8011, 2001, 'Apple', 1000.99,'Card', '16-JAN-1950', 'Get Money', 1);
insert into Report(TeamName, ReportNo, Status, ReportDate)
values('Boyz', 5001, 'Good',  '20-APR-2019');
insert into Report(TeamName, ReportNo, Status, ReportDate)
values('Clowns', 5002, 'Goofy',  '20-APR-2019');
insert into Report(TeamName, ReportNo, Status, ReportDate)
values('Suckahs', 5003, 'Bad', '20-APR-2019');
insert into Report(TeamName, ReportNo, Status, ReportDate)
values('Dufusses', 5004, 'Okay', '24-APR-2019');
insert into Report(TeamName, ReportNo, Status, ReportDate)
values('Whippits', 5005, 'Close', '24-APR-2019');
insert into Report(TeamName, ReportNo, Status, ReportDate)
values('Slammers', 5006, 'Slippin', '24-APR-2019');
insert into Report(TeamName, ReportNo, Status, ReportDate)
values('Nerds', 5007, 'Grrreat', '24-APR-2019');
insert into Report(TeamName, ReportNo, Status, ReportDate)
values('Goobers', 5008, 'Good', '27-APR-2019');
insert into Report(TeamName, ReportNo, Status, ReportDate)
values('Girlz', 5009, 'Good', '27-APR-2019');
insert into Report(TeamName, ReportNo, Status, ReportDate)
values('Slackers', 5010, 'So-So', '27-APR-2019');
insert into Report(TeamName, ReportNo, Status, ReportDate)
values('Boyz', 5011, 'Bad', '27-APR-2019');
insert into TeamNeeds(ReportNo, Need)
values(5001, 'Cookies');
insert into TeamNeeds(ReportNo, Need)
values(5001, 'Stuff');
insert into TeamNeeds(ReportNo, Need)
values(5002, 'Breakfast');
insert into TeamNeeds(ReportNo, Need)
values(5003, 'Cookies');
insert into TeamNeeds(ReportNo, Need)
values(5004, 'Soda');
insert into TeamNeeds(ReportNo, Need)
values(5005, 'A Break');
insert into TeamNeeds(ReportNo, Need)
values(5006, 'Televisions');
insert into TeamNeeds(ReportNo, Need)
values(5007, 'Money');
insert into TeamNeeds(ReportNo, Need)
values(5008, 'Supplies');
insert into TeamNeeds(ReportNo, Need)
values(5009, 'Burgers');
insert into TeamNeeds(ReportNo, Need)
values(5010, 'Spas');
insert into TeamNeeds(ReportNo, Need)
values(5011, 'Paint');
insert into TeamNeeds(ReportNo, Need)
values(5001, 'Garbage');
insert into TeamNeeds(ReportNo, Need)
values(5001, 'Land');
insert into TeamNeeds(ReportNo, Need)
values(5002, 'Fur');
insert into TeamNeeds(ReportNo, Need)
values(5003, 'Costumes');
insert into TeamNeeds(ReportNo, Need)
values(5004, 'Paper');
insert into TeamNeeds(ReportNo, Need)
values(5005, 'A Vacation');
insert into TeamNeeds(ReportNo, Need)
values(5006, 'Radios');
insert into TeamNeeds(ReportNo, Need)
values(5007, 'Mo Money');
insert into TeamNeeds(ReportNo, Need)
values(5008, 'Supply');
insert into TeamNeeds(ReportNo, Need)
values(5009, 'Burritos');
insert into TeamNeeds(ReportNo, Need)
values(5010, 'Keyboards');
insert into TeamNeeds(ReportNo, Need)
values(5011, 'Other');
insert into Care(TeamName, PID)
values('Boyz', 2001);
insert into Care(TeamName, PID)
values('Girlz', 2001);
insert into Care(TeamName, PID)
values('Slackers', 2001);
insert into Care(TeamName, PID)
values('Slammers', 2001);
insert into Care(TeamName, PID)
values('Whippits', 2002);
insert into Care(TeamName, PID)
values('Suckahs', 2002);
insert into Care(TeamName, PID)
values('Whippits', 2003);
insert into Care(TeamName, PID)
values('Slammers', 2003);
insert into Care(TeamName, PID)
values('Dufusses', 2004);
insert into Care(TeamName, PID)
values('Clowns', 2004);
insert into Care(TeamName, PID)
values('Boyz', 2005);
insert into Care(TeamName, PID)
values('Nerds', 2005);
insert into Care(TeamName, PID)
values('Boyz', 2008);
insert into Care(TeamName, PID)
values('Girlz', 2004);
insert into Care(TeamName, PID)
values('Slackers', 2004);
insert into Care(TeamName, PID)
values('Slammers', 2006);
insert into Care(TeamName, PID)
values('Whippits', 2006);
insert into Care(TeamName, PID)
values('Suckahs', 2003);
insert into Care(TeamName, PID)
values('Whippits', 2004);
insert into Care(TeamName, PID)
values('Slammers', 2009);
insert into Care(TeamName, PID)
values('Dufusses', 2002);
insert into Care(TeamName, PID)
values('Clowns', 2007);
insert into Care(TeamName, PID)
values('Boyz', 2006);
insert into Care(TeamName, PID)
values('Nerds', 2008);
insert into Serve(TeamName, PID, HrsWorked)
values('Whippits', 3001, 21);
insert into Serve(TeamName, PID, HrsWorked)
values('Suckahs', 3001, 19);
insert into Serve(TeamName, PID, HrsWorked)
values('Slammers', 3001, 61);
insert into Serve(TeamName, PID, HrsWorked)
values('Slackers', 3001, 23);
insert into Serve(TeamName, PID, HrsWorked)
values('Nerds', 3002, 11);
insert into Serve(TeamName, PID, HrsWorked)
values('Goobers', 3002, 53);
insert into Serve(TeamName, PID, HrsWorked)
values('Girlz', 3002, 0);
insert into Serve(TeamName, PID, HrsWorked)
values('Dufusses', 3002, 1);
insert into Serve(TeamName, PID, HrsWorked)
values('Clowns', 3003, 2);
insert into Serve(TeamName, PID, HrsWorked)
values('Boyz', 3003, 6);
insert into Serve(TeamName, PID, HrsWorked)
values('Whippits', 3003, 10);
insert into Serve(TeamName, PID, HrsWorked)
values('Suckahs', 3003, 27);
insert into Serve(TeamName, PID, HrsWorked)
values('Slammers', 3004, 23);
insert into Serve(TeamName, PID, HrsWorked)
values('Slackers', 3004, 18);
insert into Serve(TeamName, PID, HrsWorked)
values('Nerds', 3004, 14);
insert into Serve(TeamName, PID, HrsWorked)
values('Goobers', 3004, 23);
insert into Serve(TeamName, PID, HrsWorked)
values('Girlz', 3005, 18);
insert into Serve(TeamName, PID, HrsWorked)
values('Dufusses', 3005, 32);
insert into Serve(TeamName, PID, HrsWorked)
values('Clowns', 3005, 74);
insert into Serve(TeamName, PID, HrsWorked)
values('Boyz', 3005, 31);
insert into Serve(TeamName, PID, HrsWorked)
values('Whippits', 3006, 55);
insert into Serve(TeamName, PID, HrsWorked)
values('Suckahs', 3006, 63);
insert into Serve(TeamName, PID, HrsWorked)
values('Slammers', 3006, 84);
insert into Serve(TeamName, PID, HrsWorked)
values('Slackers', 3006, 85);
insert into Serve(TeamName, PID, HrsWorked)
values('Nerds', 3007, 14);
insert into Serve(TeamName, PID, HrsWorked)
values('Goobers', 3007, 10);
insert into Serve(TeamName, PID, HrsWorked)
values('Girlz', 3007, 9);
insert into Serve(TeamName, PID, HrsWorked)
values('Dufusses', 3007, 17);
insert into Serve(TeamName, PID, HrsWorked)
values('Clowns', 3008, 22);
insert into Serve(TeamName, PID, HrsWorked)
values('Boyz', 3008, 32);
insert into Serve(TeamName, PID, HrsWorked)
values('Whippits', 3008, 1);
insert into Serve(TeamName, PID, HrsWorked)
values('Suckahs', 3008, 12);
insert into Serve(TeamName, PID, HrsWorked)
values('Slammers', 3009, 15);
insert into Serve(TeamName, PID, HrsWorked)
values('Slackers', 3009, 32);
insert into Serve(TeamName, PID, HrsWorked)
values('Nerds', 3009, 90);
insert into Serve(TeamName, PID, HrsWorked)
values('Goobers', 3009, 12);
insert into Serve(TeamName, PID, HrsWorked)
values('Girlz', 3010, 52);
insert into Serve(TeamName, PID, HrsWorked)
values('Dufusses', 3010, 14);
insert into Serve(TeamName, PID, HrsWorked)
values('Clowns', 3010, 32);
insert into Serve(TeamName, PID, HrsWorked)
values('Boyz', 3010, 40);
insert into Liaison(PID, OrgName)
values(1001, 'Oracle');
insert into Liaison(PID, OrgName)
values(1001, 'Ben N Jerrys');
insert into Liaison(PID, OrgName)
values(1001, 'Coca-Cola');
insert into Liaison(PID, OrgName)
values(1002, 'Oracle');
insert into Liaison(PID, OrgName)
values(1002, 'Microsoft');
insert into Liaison(PID, OrgName)
values(1003, 'Tesla');
insert into Liaison(PID, OrgName)
values(1003, 'Marvel');
insert into Liaison(PID, OrgName)
values(1004, 'U.S. Govt');
insert into Liaison(PID, OrgName)
values(1005, 'United');
insert into Liaison(PID, OrgName)
values(1010, 'Ford');
insert into Liaison(PID, OrgName)
values(1008, 'Apple');
insert into Liaison(PID, OrgName)
values(1004, 'Tesla');
insert into Liaison(PID, OrgName)
values(1005, 'Microsoft');
insert into Liaison(PID, OrgName)
values(1006, 'Oracle');
insert into Liaison(PID, OrgName)
values(1002, 'Coca-Cola');
insert into promote(OrgName, DriveTitle)
values('Apple', 'Get Money');
insert into promote(OrgName, DriveTitle)
values('Oracle', 'Get Money2');
insert into promote(OrgName, DriveTitle)
values('Microsoft', 'Get Money2');
insert into promote(OrgName, DriveTitle)
values('United', 'Get Money2');
insert into promote(OrgName, DriveTitle)
values('U.S. Govt', 'Get Money3');
insert into promote(OrgName, DriveTitle)
values('Oracle', 'Get Money4');
insert into promote(OrgName, DriveTitle)
values('Tesla', 'Get Money4');
insert into promote(OrgName, DriveTitle)
values('Marvel', 'Get Money5');
insert into promote(OrgName, DriveTitle)
values('Apple', 'Get Money6');
insert into promote(OrgName, DriveTitle)
values('Oracle', 'Get Money6');
insert into promote(OrgName, DriveTitle)
values('Microsoft', 'Get Money7');
insert into promote(OrgName, DriveTitle)
values('United', 'Get Money8');
insert into promote(OrgName, DriveTitle)
values('U.S. Govt', 'Get Money8');
insert into promote(OrgName, DriveTitle)
values('Coca-Cola', 'Get Money9');
insert into promote(OrgName, DriveTitle)
values('Tesla', 'Get Money10');
insert into promote(OrgName, DriveTitle)
values('Ford', 'Get Money11');
insert into dailyHrs(PID, WorkDate, Hrs)
values(3001, '11-DEC-2018', 5);
insert into dailyHrs(PID, WorkDate, Hrs)
values(3001, '12-DEC-2018', 5);
insert into dailyHrs(PID, WorkDate, Hrs)
values(3001, '13-DEC-2018', 12);
insert into dailyHrs(PID, WorkDate, Hrs)
values(3001, '14-DEC-2018', 12);
insert into dailyHrs(PID, WorkDate, Hrs)
values(3001, '15-DEC-2018', 9);
insert into dailyHrs(PID, WorkDate, Hrs)
values(3001, '16-DEC-2018', 11);
insert into dailyHrs(PID, WorkDate, Hrs)
values(3001, '17-DEC-2018', 13);
insert into dailyHrs(PID, WorkDate, Hrs)
values(3001, '18-DEC-2018', 14);
insert into dailyHrs(PID, WorkDate, Hrs)
values(3001, '19-DEC-2018', 9);
insert into dailyHrs(PID, WorkDate, Hrs)
values(3001, '20-DEC-2018', 7);
insert into dailyHrs(PID, WorkDate, Hrs)
values(3001, '21-DEC-2018', 10);
insert into dailyHrs(PID, WorkDate, Hrs)
values(3001, '22-DEC-2018', 9);
insert into dailyHrs(PID, WorkDate, Hrs)
values(3001, '23-DEC-2018', 14);
insert into dailyHrs(PID, WorkDate, Hrs)
values(3001, '24-DEC-2018', 14);
insert into dailyHrs(PID, WorkDate, Hrs)
values(3001, '25-DEC-2018', 7);
insert into dailyHrs(PID, WorkDate, Hrs)
values(3001, '26-DEC-2018', 9);
insert into dailyHrs(PID, WorkDate, Hrs)
values(3001, '27-DEC-2018', 13);
insert into dailyHrs(PID, WorkDate, Hrs)
values(3001, '28-DEC-2018', 11);
insert into dailyHrs(PID, WorkDate, Hrs)
values(3001, '29-DEC-2018', 10);
insert into dailyHrs(PID, WorkDate, Hrs)
values(3001, '30-DEC-2018', 5);
insert into dailyHrs(PID, WorkDate, Hrs)
values(3001, '31-DEC-2018', 11);
insert into dailyHrs(PID, WorkDate, Hrs)
values(3001, '01-JAN-2019', 9);
insert into dailyHrs(PID, WorkDate, Hrs)
values(3001, '02-JAN-2019', 13);
insert into dailyHrs(PID, WorkDate, Hrs)
values(3001, '03-JAN-2019', 7);
insert into dailyHrs(PID, WorkDate, Hrs)
values(3001, '04-JAN-2019', 11);
insert into dailyHrs(PID, WorkDate, Hrs)
values(3001, '05-JAN-2019', 5);
insert into dailyHrs(PID, WorkDate, Hrs)
values(3001, '06-JAN-2019', 4);
insert into dailyHrs(PID, WorkDate, Hrs)
values(3001, '07-JAN-2019', 13);
insert into dailyHrs(PID, WorkDate, Hrs)
values(3001, '08-JAN-2019', 10);
insert into dailyHrs(PID, WorkDate, Hrs)
values(3001, '09-JAN-2019', 8);
insert into dailyHrs(PID, WorkDate, Hrs)
values(3001, '10-JAN-2019', 8);
insert into dailyHrs(PID, WorkDate, Hrs)
values(3001, '11-JAN-2019', 6);
insert into dailyHrs(PID, WorkDate, Hrs)
values(3001, '12-JAN-2019', 11);
insert into dailyHrs(PID, WorkDate, Hrs)
values(3001, '13-JAN-2019', 4);
insert into dailyHrs(PID, WorkDate, Hrs)
values(3001, '14-JAN-2019', 5);
insert into dailyHrs(PID, WorkDate, Hrs)
values(3001, '15-JAN-2019', 8);
insert into dailyHrs(PID, WorkDate, Hrs)
values(3001, '16-JAN-2019', 9);
insert into dailyHrs(PID, WorkDate, Hrs)
values(3001, '17-JAN-2019', 4);
insert into dailyHrs(PID, WorkDate, Hrs)
values(3001, '18-JAN-2019', 4);
insert into dailyHrs(PID, WorkDate, Hrs)
values(3001, '19-JAN-2019', 13);
insert into dailyHrs(PID, WorkDate, Hrs)
values(3001, '20-JAN-2019', 8);
insert into dailyHrs(PID, WorkDate, Hrs)
values(3001, '21-JAN-2019', 4);
insert into dailyHrs(PID, WorkDate, Hrs)
values(3001, '22-JAN-2019', 4);
insert into dailyHrs(PID, WorkDate, Hrs)
values(3001, '23-JAN-2019', 4);
insert into dailyHrs(PID, WorkDate, Hrs)
values(3001, '24-JAN-2019', 6);
insert into dailyHrs(PID, WorkDate, Hrs)
values(3001, '25-JAN-2019', 13);
insert into dailyHrs(PID, WorkDate, Hrs)
values(3001, '26-JAN-2019', 12);
insert into dailyHrs(PID, WorkDate, Hrs)
values(3001, '27-JAN-2019', 7);
insert into dailyHrs(PID, WorkDate, Hrs)
values(3001, '28-JAN-2019', 13);
insert into dailyHrs(PID, WorkDate, Hrs)
values(3001, '29-JAN-2019', 9);
insert into dailyHrs(PID, WorkDate, Hrs)
values(3001, '30-JAN-2019', 9);
insert into dailyHrs(PID, WorkDate, Hrs)
values(3001, '31-JAN-2019', 4);
insert into dailyHrs(PID, WorkDate, Hrs)
values(3001, '01-FEB-2019', 13);
insert into dailyHrs(PID, WorkDate, Hrs)
values(3001, '02-FEB-2019', 5);
insert into dailyHrs(PID, WorkDate, Hrs)
values(3001, '03-FEB-2019', 7);
insert into dailyHrs(PID, WorkDate, Hrs)
values(3001, '04-FEB-2019', 14);
insert into dailyHrs(PID, WorkDate, Hrs)
values(3001, '05-FEB-2019', 6);
insert into dailyHrs(PID, WorkDate, Hrs)
values(3001, '06-FEB-2019', 11);
insert into dailyHrs(PID, WorkDate, Hrs)
values(3001, '07-FEB-2019', 10);
insert into dailyHrs(PID, WorkDate, Hrs)
values(3001, '08-FEB-2019', 9);
insert into dailyHrs(PID, WorkDate, Hrs)
values(3001, '09-FEB-2019', 8);
insert into dailyHrs(PID, WorkDate, Hrs)
values(3001, '10-FEB-2019', 6);
insert into dailyHrs(PID, WorkDate, Hrs)
values(3001, '11-FEB-2019', 11);
insert into dailyHrs(PID, WorkDate, Hrs)
values(3001, '12-FEB-2019', 4);
insert into dailyHrs(PID, WorkDate, Hrs)
values(3001, '13-FEB-2019', 14);
insert into dailyHrs(PID, WorkDate, Hrs)
values(3001, '14-FEB-2019', 11);
insert into dailyHrs(PID, WorkDate, Hrs)
values(3001, '15-FEB-2019', 8);
insert into dailyHrs(PID, WorkDate, Hrs)
values(3001, '16-FEB-2019', 10);
insert into dailyHrs(PID, WorkDate, Hrs)
values(3001, '17-FEB-2019', 11);
insert into dailyHrs(PID, WorkDate, Hrs)
values(3001, '18-FEB-2019', 10);
insert into dailyHrs(PID, WorkDate, Hrs)
values(3001, '19-FEB-2019', 8);
insert into dailyHrs(PID, WorkDate, Hrs)
values(3001, '20-FEB-2019', 7);
insert into dailyHrs(PID, WorkDate, Hrs)
values(3001, '21-FEB-2019', 14);
insert into dailyHrs(PID, WorkDate, Hrs)
values(3001, '22-FEB-2019', 9);
insert into dailyHrs(PID, WorkDate, Hrs)
values(3001, '23-FEB-2019', 9);
insert into dailyHrs(PID, WorkDate, Hrs)
values(3001, '24-FEB-2019', 6);
insert into dailyHrs(PID, WorkDate, Hrs)
values(3001, '25-FEB-2019', 10);
insert into dailyHrs(PID, WorkDate, Hrs)
values(3001, '26-FEB-2019', 8);
insert into dailyHrs(PID, WorkDate, Hrs)
values(3001, '27-FEB-2019', 12);
insert into dailyHrs(PID, WorkDate, Hrs)
values(3001, '28-FEB-2019', 4);
insert into dailyHrs(PID, WorkDate, Hrs)
values(3001, '01-MAR-2019', 13);
insert into dailyHrs(PID, WorkDate, Hrs)
values(3001, '02-MAR-2019', 4);
insert into dailyHrs(PID, WorkDate, Hrs)
values(3001, '03-MAR-2019', 6);
insert into dailyHrs(PID, WorkDate, Hrs)
values(3001, '04-MAR-2019', 13);
insert into dailyHrs(PID, WorkDate, Hrs)
values(3001, '05-MAR-2019', 8);
insert into dailyHrs(PID, WorkDate, Hrs)
values(3001, '06-MAR-2019', 10);
insert into dailyHrs(PID, WorkDate, Hrs)
values(3001, '07-MAR-2019', 12);
insert into dailyHrs(PID, WorkDate, Hrs)
values(3001, '08-MAR-2019', 5);
insert into dailyHrs(PID, WorkDate, Hrs)
values(3001, '09-MAR-2019', 14);
insert into dailyHrs(PID, WorkDate, Hrs)
values(3001, '10-MAR-2019', 5);
insert into dailyHrs(PID, WorkDate, Hrs)
values(3001, '11-MAR-2019', 6);
insert into dailyHrs(PID, WorkDate, Hrs)
values(3001, '12-MAR-2019', 4);
insert into dailyHrs(PID, WorkDate, Hrs)
values(3001, '13-MAR-2019', 13);
insert into dailyHrs(PID, WorkDate, Hrs)
values(3001, '14-MAR-2019', 7);
insert into dailyHrs(PID, WorkDate, Hrs)
values(3001, '15-MAR-2019', 13);
insert into dailyHrs(PID, WorkDate, Hrs)
values(3001, '16-MAR-2019', 12);
insert into dailyHrs(PID, WorkDate, Hrs)
values(3001, '17-MAR-2019', 12);
insert into dailyHrs(PID, WorkDate, Hrs)
values(3001, '18-MAR-2019', 8);
insert into dailyHrs(PID, WorkDate, Hrs)
values(3001, '19-MAR-2019', 13);
insert into dailyHrs(PID, WorkDate, Hrs)
values(3001, '20-MAR-2019', 5);
insert into dailyHrs(PID, WorkDate, Hrs)
values(3001, '21-MAR-2019', 14);
insert into dailyHrs(PID, WorkDate, Hrs)
values(3001, '22-MAR-2019', 7);
insert into dailyHrs(PID, WorkDate, Hrs)
values(3001, '23-MAR-2019', 8);
insert into dailyHrs(PID, WorkDate, Hrs)
values(3001, '24-MAR-2019', 13);
insert into dailyHrs(PID, WorkDate, Hrs)
values(3001, '25-MAR-2019', 5);
insert into dailyHrs(PID, WorkDate, Hrs)
values(3001, '26-MAR-2019', 8);
insert into dailyHrs(PID, WorkDate, Hrs)
values(3001, '27-MAR-2019', 11);
insert into dailyHrs(PID, WorkDate, Hrs)
values(3001, '28-MAR-2019', 13);
insert into dailyHrs(PID, WorkDate, Hrs)
values(3001, '29-MAR-2019', 6);
insert into dailyHrs(PID, WorkDate, Hrs)
values(3001, '30-MAR-2019', 4);
insert into dailyHrs(PID, WorkDate, Hrs)
values(3001, '31-MAR-2019', 13);
insert into dailyHrs(PID, WorkDate, Hrs)
values(3001, '01-APR-2019', 6);
insert into dailyHrs(PID, WorkDate, Hrs)
values(3001, '02-APR-2019', 7);
insert into dailyHrs(PID, WorkDate, Hrs)
values(3001, '03-APR-2019', 4);
insert into dailyHrs(PID, WorkDate, Hrs)
values(3001, '04-APR-2019', 11);
insert into dailyHrs(PID, WorkDate, Hrs)
values(3001, '05-APR-2019', 5);
insert into dailyHrs(PID, WorkDate, Hrs)
values(3001, '06-APR-2019', 11);
insert into dailyHrs(PID, WorkDate, Hrs)
values(3001, '07-APR-2019', 10);
insert into dailyHrs(PID, WorkDate, Hrs)
values(3001, '08-APR-2019', 6);
insert into dailyHrs(PID, WorkDate, Hrs)
values(3001, '09-APR-2019', 4);
insert into dailyHrs(PID, WorkDate, Hrs)
values(3001, '10-APR-2019', 6);
insert into dailyHrs(PID, WorkDate, Hrs)
values(3001, '11-APR-2019', 5);
insert into dailyHrs(PID, WorkDate, Hrs)
values(3001, '12-APR-2019', 13);
insert into dailyHrs(PID, WorkDate, Hrs)
values(3001, '13-APR-2019', 11);
insert into dailyHrs(PID, WorkDate, Hrs)
values(3001, '14-APR-2019', 10);
insert into dailyHrs(PID, WorkDate, Hrs)
values(3001, '15-APR-2019', 8);
insert into dailyHrs(PID, WorkDate, Hrs)
values(3001, '16-APR-2019', 8);
insert into dailyHrs(PID, WorkDate, Hrs)
values(3001, '17-APR-2019', 7);
insert into dailyHrs(PID, WorkDate, Hrs)
values(3001, '18-APR-2019', 14);
insert into dailyHrs(PID, WorkDate, Hrs)
values(3001, '19-APR-2019', 7);
insert into dailyHrs(PID, WorkDate, Hrs)
values(3001, '20-APR-2019', 9);
insert into dailyHrs(PID, WorkDate, Hrs)
values(3001, '21-APR-2019', 12);
insert into dailyHrs(PID, WorkDate, Hrs)
values(3001, '22-APR-2019', 4);
insert into dailyHrs(PID, WorkDate, Hrs)
values(3001, '23-APR-2019', 11);
insert into dailyHrs(PID, WorkDate, Hrs)
values(3002, '11-DEC-2018', 9);
insert into dailyHrs(PID, WorkDate, Hrs)
values(3002, '12-DEC-2018', 6);
insert into dailyHrs(PID, WorkDate, Hrs)
values(3002, '13-DEC-2018', 12);
insert into dailyHrs(PID, WorkDate, Hrs)
values(3002, '14-DEC-2018', 11);
insert into dailyHrs(PID, WorkDate, Hrs)
values(3002, '15-DEC-2018', 8);
insert into dailyHrs(PID, WorkDate, Hrs)
values(3002, '16-DEC-2018', 4);
insert into dailyHrs(PID, WorkDate, Hrs)
values(3002, '17-DEC-2018', 10);
insert into dailyHrs(PID, WorkDate, Hrs)
values(3002, '18-DEC-2018', 13);
insert into dailyHrs(PID, WorkDate, Hrs)
values(3002, '19-DEC-2018', 12);
insert into dailyHrs(PID, WorkDate, Hrs)
values(3002, '20-DEC-2018', 6);
insert into dailyHrs(PID, WorkDate, Hrs)
values(3002, '21-DEC-2018', 12);
insert into dailyHrs(PID, WorkDate, Hrs)
values(3002, '22-DEC-2018', 11);
insert into dailyHrs(PID, WorkDate, Hrs)
values(3002, '23-DEC-2018', 11);
insert into dailyHrs(PID, WorkDate, Hrs)
values(3002, '24-DEC-2018', 4);
insert into dailyHrs(PID, WorkDate, Hrs)
values(3002, '25-DEC-2018', 5);
insert into dailyHrs(PID, WorkDate, Hrs)
values(3002, '26-DEC-2018', 6);
insert into dailyHrs(PID, WorkDate, Hrs)
values(3002, '27-DEC-2018', 14);
insert into dailyHrs(PID, WorkDate, Hrs)
values(3002, '28-DEC-2018', 10);
insert into dailyHrs(PID, WorkDate, Hrs)
values(3002, '29-DEC-2018', 12);
insert into dailyHrs(PID, WorkDate, Hrs)
values(3002, '30-DEC-2018', 10);
insert into dailyHrs(PID, WorkDate, Hrs)
values(3002, '31-DEC-2018', 5);
insert into dailyHrs(PID, WorkDate, Hrs)
values(3002, '01-JAN-2019', 5);
insert into dailyHrs(PID, WorkDate, Hrs)
values(3002, '02-JAN-2019', 12);
insert into dailyHrs(PID, WorkDate, Hrs)
values(3002, '03-JAN-2019', 4);
insert into dailyHrs(PID, WorkDate, Hrs)
values(3002, '04-JAN-2019', 7);
insert into dailyHrs(PID, WorkDate, Hrs)
values(3002, '05-JAN-2019', 4);
insert into dailyHrs(PID, WorkDate, Hrs)
values(3002, '06-JAN-2019', 13);
insert into dailyHrs(PID, WorkDate, Hrs)
values(3002, '07-JAN-2019', 10);
insert into dailyHrs(PID, WorkDate, Hrs)
values(3002, '08-JAN-2019', 5);
insert into dailyHrs(PID, WorkDate, Hrs)
values(3002, '09-JAN-2019', 13);
insert into dailyHrs(PID, WorkDate, Hrs)
values(3002, '10-JAN-2019', 6);
insert into dailyHrs(PID, WorkDate, Hrs)
values(3002, '11-JAN-2019', 10);
insert into dailyHrs(PID, WorkDate, Hrs)
values(3002, '12-JAN-2019', 12);
insert into dailyHrs(PID, WorkDate, Hrs)
values(3002, '13-JAN-2019', 4);
insert into dailyHrs(PID, WorkDate, Hrs)
values(3002, '14-JAN-2019', 9);
insert into dailyHrs(PID, WorkDate, Hrs)
values(3002, '15-JAN-2019', 12);
insert into dailyHrs(PID, WorkDate, Hrs)
values(3002, '16-JAN-2019', 12);
insert into dailyHrs(PID, WorkDate, Hrs)
values(3002, '17-JAN-2019', 14);
insert into dailyHrs(PID, WorkDate, Hrs)
values(3002, '18-JAN-2019', 9);
insert into dailyHrs(PID, WorkDate, Hrs)
values(3002, '19-JAN-2019', 10);
insert into dailyHrs(PID, WorkDate, Hrs)
values(3002, '20-JAN-2019', 4);
insert into dailyHrs(PID, WorkDate, Hrs)
values(3002, '21-JAN-2019', 14);
insert into dailyHrs(PID, WorkDate, Hrs)
values(3002, '22-JAN-2019', 11);
insert into dailyHrs(PID, WorkDate, Hrs)
values(3002, '23-JAN-2019', 11);
insert into dailyHrs(PID, WorkDate, Hrs)
values(3002, '24-JAN-2019', 7);
insert into dailyHrs(PID, WorkDate, Hrs)
values(3002, '25-JAN-2019', 5);
insert into dailyHrs(PID, WorkDate, Hrs)
values(3002, '26-JAN-2019', 11);
insert into dailyHrs(PID, WorkDate, Hrs)
values(3002, '27-JAN-2019', 6);
insert into dailyHrs(PID, WorkDate, Hrs)
values(3002, '28-JAN-2019', 5);
insert into dailyHrs(PID, WorkDate, Hrs)
values(3002, '29-JAN-2019', 11);
insert into dailyHrs(PID, WorkDate, Hrs)
values(3002, '30-JAN-2019', 8);
insert into dailyHrs(PID, WorkDate, Hrs)
values(3002, '31-JAN-2019', 5);
insert into dailyHrs(PID, WorkDate, Hrs)
values(3002, '01-FEB-2019', 9);
insert into dailyHrs(PID, WorkDate, Hrs)
values(3002, '02-FEB-2019', 13);
insert into dailyHrs(PID, WorkDate, Hrs)
values(3002, '03-FEB-2019', 7);
insert into dailyHrs(PID, WorkDate, Hrs)
values(3002, '04-FEB-2019', 8);
insert into dailyHrs(PID, WorkDate, Hrs)
values(3002, '05-FEB-2019', 6);
insert into dailyHrs(PID, WorkDate, Hrs)
values(3002, '06-FEB-2019', 8);
insert into dailyHrs(PID, WorkDate, Hrs)
values(3002, '07-FEB-2019', 14);
insert into dailyHrs(PID, WorkDate, Hrs)
values(3002, '08-FEB-2019', 11);
insert into dailyHrs(PID, WorkDate, Hrs)
values(3002, '09-FEB-2019', 6);
insert into dailyHrs(PID, WorkDate, Hrs)
values(3002, '10-FEB-2019', 4);
insert into dailyHrs(PID, WorkDate, Hrs)
values(3002, '11-FEB-2019', 10);
insert into dailyHrs(PID, WorkDate, Hrs)
values(3002, '12-FEB-2019', 5);
insert into dailyHrs(PID, WorkDate, Hrs)
values(3002, '13-FEB-2019', 9);
insert into dailyHrs(PID, WorkDate, Hrs)
values(3002, '14-FEB-2019', 12);
insert into dailyHrs(PID, WorkDate, Hrs)
values(3002, '15-FEB-2019', 13);
insert into dailyHrs(PID, WorkDate, Hrs)
values(3002, '16-FEB-2019', 12);
insert into dailyHrs(PID, WorkDate, Hrs)
values(3002, '17-FEB-2019', 10);
insert into dailyHrs(PID, WorkDate, Hrs)
values(3002, '18-FEB-2019', 8);
insert into dailyHrs(PID, WorkDate, Hrs)
values(3002, '19-FEB-2019', 6);
insert into dailyHrs(PID, WorkDate, Hrs)
values(3002, '20-FEB-2019', 13);
insert into dailyHrs(PID, WorkDate, Hrs)
values(3002, '21-FEB-2019', 5);
insert into dailyHrs(PID, WorkDate, Hrs)
values(3002, '22-FEB-2019', 9);
insert into dailyHrs(PID, WorkDate, Hrs)
values(3002, '23-FEB-2019', 10);
insert into dailyHrs(PID, WorkDate, Hrs)
values(3002, '24-FEB-2019', 7);
insert into dailyHrs(PID, WorkDate, Hrs)
values(3002, '25-FEB-2019', 9);
insert into dailyHrs(PID, WorkDate, Hrs)
values(3002, '26-FEB-2019', 5);
insert into dailyHrs(PID, WorkDate, Hrs)
values(3002, '27-FEB-2019', 6);
insert into dailyHrs(PID, WorkDate, Hrs)
values(3002, '28-FEB-2019', 9);
insert into dailyHrs(PID, WorkDate, Hrs)
values(3002, '01-MAR-2019', 7);
insert into dailyHrs(PID, WorkDate, Hrs)
values(3002, '02-MAR-2019', 12);
insert into dailyHrs(PID, WorkDate, Hrs)
values(3002, '03-MAR-2019', 7);
insert into dailyHrs(PID, WorkDate, Hrs)
values(3002, '04-MAR-2019', 6);
insert into dailyHrs(PID, WorkDate, Hrs)
values(3002, '05-MAR-2019', 4);
insert into dailyHrs(PID, WorkDate, Hrs)
values(3002, '06-MAR-2019', 14);
insert into dailyHrs(PID, WorkDate, Hrs)
values(3002, '07-MAR-2019', 12);
insert into dailyHrs(PID, WorkDate, Hrs)
values(3002, '08-MAR-2019', 12);
insert into dailyHrs(PID, WorkDate, Hrs)
values(3002, '09-MAR-2019', 9);
insert into dailyHrs(PID, WorkDate, Hrs)
values(3002, '10-MAR-2019', 11);
insert into dailyHrs(PID, WorkDate, Hrs)
values(3002, '11-MAR-2019', 11);
insert into dailyHrs(PID, WorkDate, Hrs)
values(3002, '12-MAR-2019', 8);
insert into dailyHrs(PID, WorkDate, Hrs)
values(3002, '13-MAR-2019', 14);
insert into dailyHrs(PID, WorkDate, Hrs)
values(3002, '14-MAR-2019', 5);
insert into dailyHrs(PID, WorkDate, Hrs)
values(3002, '15-MAR-2019', 6);
insert into dailyHrs(PID, WorkDate, Hrs)
values(3002, '16-MAR-2019', 7);
insert into dailyHrs(PID, WorkDate, Hrs)
values(3002, '17-MAR-2019', 13);
insert into dailyHrs(PID, WorkDate, Hrs)
values(3002, '18-MAR-2019', 13);
insert into dailyHrs(PID, WorkDate, Hrs)
values(3002, '19-MAR-2019', 13);
insert into dailyHrs(PID, WorkDate, Hrs)
values(3002, '20-MAR-2019', 12);
insert into dailyHrs(PID, WorkDate, Hrs)
values(3002, '21-MAR-2019', 10);
insert into dailyHrs(PID, WorkDate, Hrs)
values(3002, '22-MAR-2019', 4);
insert into dailyHrs(PID, WorkDate, Hrs)
values(3002, '23-MAR-2019', 8);
insert into dailyHrs(PID, WorkDate, Hrs)
values(3002, '24-MAR-2019', 9);
insert into dailyHrs(PID, WorkDate, Hrs)
values(3002, '25-MAR-2019', 12);
insert into dailyHrs(PID, WorkDate, Hrs)
values(3002, '26-MAR-2019', 11);
insert into dailyHrs(PID, WorkDate, Hrs)
values(3002, '27-MAR-2019', 7);
insert into dailyHrs(PID, WorkDate, Hrs)
values(3002, '28-MAR-2019', 10);
insert into dailyHrs(PID, WorkDate, Hrs)
values(3002, '29-MAR-2019', 13);
insert into dailyHrs(PID, WorkDate, Hrs)
values(3002, '30-MAR-2019', 4);
insert into dailyHrs(PID, WorkDate, Hrs)
values(3002, '31-MAR-2019', 12);
insert into dailyHrs(PID, WorkDate, Hrs)
values(3002, '01-APR-2019', 12);
insert into dailyHrs(PID, WorkDate, Hrs)
values(3002, '02-APR-2019', 5);
insert into dailyHrs(PID, WorkDate, Hrs)
values(3002, '03-APR-2019', 7);
insert into dailyHrs(PID, WorkDate, Hrs)
values(3002, '04-APR-2019', 8);
insert into dailyHrs(PID, WorkDate, Hrs)
values(3002, '05-APR-2019', 11);
insert into dailyHrs(PID, WorkDate, Hrs)
values(3002, '06-APR-2019', 9);
insert into dailyHrs(PID, WorkDate, Hrs)
values(3002, '07-APR-2019', 11);
insert into dailyHrs(PID, WorkDate, Hrs)
values(3002, '08-APR-2019', 5);
insert into dailyHrs(PID, WorkDate, Hrs)
values(3002, '09-APR-2019', 13);
insert into dailyHrs(PID, WorkDate, Hrs)
values(3002, '10-APR-2019', 11);
insert into dailyHrs(PID, WorkDate, Hrs)
values(3002, '11-APR-2019', 14);
insert into dailyHrs(PID, WorkDate, Hrs)
values(3002, '12-APR-2019', 12);
insert into dailyHrs(PID, WorkDate, Hrs)
values(3002, '13-APR-2019', 7);
insert into dailyHrs(PID, WorkDate, Hrs)
values(3002, '14-APR-2019', 13);
insert into dailyHrs(PID, WorkDate, Hrs)
values(3002, '15-APR-2019', 10);
insert into dailyHrs(PID, WorkDate, Hrs)
values(3002, '16-APR-2019', 13);
insert into dailyHrs(PID, WorkDate, Hrs)
values(3002, '17-APR-2019', 12);
insert into dailyHrs(PID, WorkDate, Hrs)
values(3002, '18-APR-2019', 12);
insert into dailyHrs(PID, WorkDate, Hrs)
values(3002, '19-APR-2019', 4);
insert into dailyHrs(PID, WorkDate, Hrs)
values(3002, '20-APR-2019', 4);
insert into dailyHrs(PID, WorkDate, Hrs)
values(3002, '21-APR-2019', 10);
insert into dailyHrs(PID, WorkDate, Hrs)
values(3002, '22-APR-2019', 7);
insert into dailyHrs(PID, WorkDate, Hrs)
values(3002, '23-APR-2019', 14);
insert into dailyHrs(PID, WorkDate, Hrs)
values(3003, '11-DEC-2018', 11);
insert into dailyHrs(PID, WorkDate, Hrs)
values(3003, '12-DEC-2018', 10);
insert into dailyHrs(PID, WorkDate, Hrs)
values(3003, '13-DEC-2018', 9);
insert into dailyHrs(PID, WorkDate, Hrs)
values(3003, '14-DEC-2018', 9);
insert into dailyHrs(PID, WorkDate, Hrs)
values(3003, '15-DEC-2018', 14);
insert into dailyHrs(PID, WorkDate, Hrs)
values(3003, '16-DEC-2018', 6);
insert into dailyHrs(PID, WorkDate, Hrs)
values(3003, '17-DEC-2018', 14);
insert into dailyHrs(PID, WorkDate, Hrs)
values(3003, '18-DEC-2018', 14);
insert into dailyHrs(PID, WorkDate, Hrs)
values(3003, '19-DEC-2018', 5);
insert into dailyHrs(PID, WorkDate, Hrs)
values(3003, '20-DEC-2018', 7);
insert into dailyHrs(PID, WorkDate, Hrs)
values(3003, '21-DEC-2018', 11);
insert into dailyHrs(PID, WorkDate, Hrs)
values(3003, '22-DEC-2018', 4);
insert into dailyHrs(PID, WorkDate, Hrs)
values(3003, '23-DEC-2018', 9);
insert into dailyHrs(PID, WorkDate, Hrs)
values(3003, '24-DEC-2018', 7);
insert into dailyHrs(PID, WorkDate, Hrs)
values(3003, '25-DEC-2018', 8);
insert into dailyHrs(PID, WorkDate, Hrs)
values(3003, '26-DEC-2018', 6);
insert into dailyHrs(PID, WorkDate, Hrs)
values(3003, '27-DEC-2018', 5);
insert into dailyHrs(PID, WorkDate, Hrs)
values(3003, '28-DEC-2018', 8);
insert into dailyHrs(PID, WorkDate, Hrs)
values(3003, '29-DEC-2018', 12);
insert into dailyHrs(PID, WorkDate, Hrs)
values(3003, '30-DEC-2018', 8);
insert into dailyHrs(PID, WorkDate, Hrs)
values(3003, '31-DEC-2018', 4);
insert into dailyHrs(PID, WorkDate, Hrs)
values(3003, '01-JAN-2019', 9);
insert into dailyHrs(PID, WorkDate, Hrs)
values(3003, '02-JAN-2019', 11);
insert into dailyHrs(PID, WorkDate, Hrs)
values(3003, '03-JAN-2019', 10);
insert into dailyHrs(PID, WorkDate, Hrs)
values(3003, '04-JAN-2019', 12);
insert into dailyHrs(PID, WorkDate, Hrs)
values(3003, '05-JAN-2019', 13);
insert into dailyHrs(PID, WorkDate, Hrs)
values(3003, '06-JAN-2019', 9);
insert into dailyHrs(PID, WorkDate, Hrs)
values(3003, '07-JAN-2019', 7);
insert into dailyHrs(PID, WorkDate, Hrs)
values(3003, '08-JAN-2019', 8);
insert into dailyHrs(PID, WorkDate, Hrs)
values(3003, '09-JAN-2019', 7);
insert into dailyHrs(PID, WorkDate, Hrs)
values(3003, '10-JAN-2019', 14);
insert into dailyHrs(PID, WorkDate, Hrs)
values(3003, '11-JAN-2019', 12);
insert into dailyHrs(PID, WorkDate, Hrs)
values(3003, '12-JAN-2019', 12);
insert into dailyHrs(PID, WorkDate, Hrs)
values(3003, '13-JAN-2019', 7);
insert into dailyHrs(PID, WorkDate, Hrs)
values(3003, '14-JAN-2019', 4);
insert into dailyHrs(PID, WorkDate, Hrs)
values(3003, '15-JAN-2019', 6);
insert into dailyHrs(PID, WorkDate, Hrs)
values(3003, '16-JAN-2019', 13);
insert into dailyHrs(PID, WorkDate, Hrs)
values(3003, '17-JAN-2019', 9);
insert into dailyHrs(PID, WorkDate, Hrs)
values(3003, '18-JAN-2019', 6);
insert into dailyHrs(PID, WorkDate, Hrs)
values(3003, '19-JAN-2019', 6);
insert into dailyHrs(PID, WorkDate, Hrs)
values(3003, '20-JAN-2019', 10);
insert into dailyHrs(PID, WorkDate, Hrs)
values(3003, '21-JAN-2019', 4);
insert into dailyHrs(PID, WorkDate, Hrs)
values(3003, '22-JAN-2019', 11);
insert into dailyHrs(PID, WorkDate, Hrs)
values(3003, '23-JAN-2019', 8);
insert into dailyHrs(PID, WorkDate, Hrs)
values(3003, '24-JAN-2019', 14);
insert into dailyHrs(PID, WorkDate, Hrs)
values(3003, '25-JAN-2019', 6);
insert into dailyHrs(PID, WorkDate, Hrs)
values(3003, '26-JAN-2019', 6);
insert into dailyHrs(PID, WorkDate, Hrs)
values(3003, '27-JAN-2019', 11);
insert into dailyHrs(PID, WorkDate, Hrs)
values(3003, '28-JAN-2019', 4);
insert into dailyHrs(PID, WorkDate, Hrs)
values(3003, '29-JAN-2019', 4);
insert into dailyHrs(PID, WorkDate, Hrs)
values(3003, '30-JAN-2019', 9);
insert into dailyHrs(PID, WorkDate, Hrs)
values(3003, '31-JAN-2019', 13);
insert into dailyHrs(PID, WorkDate, Hrs)
values(3003, '01-FEB-2019', 6);
insert into dailyHrs(PID, WorkDate, Hrs)
values(3003, '02-FEB-2019', 6);
insert into dailyHrs(PID, WorkDate, Hrs)
values(3003, '03-FEB-2019', 10);
insert into dailyHrs(PID, WorkDate, Hrs)
values(3003, '04-FEB-2019', 10);
insert into dailyHrs(PID, WorkDate, Hrs)
values(3003, '05-FEB-2019', 12);
insert into dailyHrs(PID, WorkDate, Hrs)
values(3003, '06-FEB-2019', 9);
insert into dailyHrs(PID, WorkDate, Hrs)
values(3003, '07-FEB-2019', 13);
insert into dailyHrs(PID, WorkDate, Hrs)
values(3003, '08-FEB-2019', 12);
insert into dailyHrs(PID, WorkDate, Hrs)
values(3003, '09-FEB-2019', 14);
insert into dailyHrs(PID, WorkDate, Hrs)
values(3003, '10-FEB-2019', 6);
insert into dailyHrs(PID, WorkDate, Hrs)
values(3003, '11-FEB-2019', 14);
insert into dailyHrs(PID, WorkDate, Hrs)
values(3003, '12-FEB-2019', 9);
insert into dailyHrs(PID, WorkDate, Hrs)
values(3003, '13-FEB-2019', 10);
insert into dailyHrs(PID, WorkDate, Hrs)
values(3003, '14-FEB-2019', 4);
insert into dailyHrs(PID, WorkDate, Hrs)
values(3003, '15-FEB-2019', 4);
insert into dailyHrs(PID, WorkDate, Hrs)
values(3003, '16-FEB-2019', 10);
insert into dailyHrs(PID, WorkDate, Hrs)
values(3003, '17-FEB-2019', 11);
insert into dailyHrs(PID, WorkDate, Hrs)
values(3003, '18-FEB-2019', 9);
insert into dailyHrs(PID, WorkDate, Hrs)
values(3003, '19-FEB-2019', 7);
insert into dailyHrs(PID, WorkDate, Hrs)
values(3003, '20-FEB-2019', 8);
insert into dailyHrs(PID, WorkDate, Hrs)
values(3003, '21-FEB-2019', 14);
insert into dailyHrs(PID, WorkDate, Hrs)
values(3003, '22-FEB-2019', 8);
insert into dailyHrs(PID, WorkDate, Hrs)
values(3003, '23-FEB-2019', 13);
insert into dailyHrs(PID, WorkDate, Hrs)
values(3003, '24-FEB-2019', 7);
insert into dailyHrs(PID, WorkDate, Hrs)
values(3003, '25-FEB-2019', 10);
insert into dailyHrs(PID, WorkDate, Hrs)
values(3003, '26-FEB-2019', 8);
insert into dailyHrs(PID, WorkDate, Hrs)
values(3003, '27-FEB-2019', 10);
insert into dailyHrs(PID, WorkDate, Hrs)
values(3003, '28-FEB-2019', 9);
insert into dailyHrs(PID, WorkDate, Hrs)
values(3003, '01-MAR-2019', 11);
insert into dailyHrs(PID, WorkDate, Hrs)
values(3003, '02-MAR-2019', 10);
insert into dailyHrs(PID, WorkDate, Hrs)
values(3003, '03-MAR-2019', 10);
insert into dailyHrs(PID, WorkDate, Hrs)
values(3003, '04-MAR-2019', 8);
insert into dailyHrs(PID, WorkDate, Hrs)
values(3003, '05-MAR-2019', 7);
insert into dailyHrs(PID, WorkDate, Hrs)
values(3003, '06-MAR-2019', 7);
insert into dailyHrs(PID, WorkDate, Hrs)
values(3003, '07-MAR-2019', 9);
insert into dailyHrs(PID, WorkDate, Hrs)
values(3003, '08-MAR-2019', 6);
insert into dailyHrs(PID, WorkDate, Hrs)
values(3003, '09-MAR-2019', 10);
insert into dailyHrs(PID, WorkDate, Hrs)
values(3003, '10-MAR-2019', 6);
insert into dailyHrs(PID, WorkDate, Hrs)
values(3003, '11-MAR-2019', 4);
insert into dailyHrs(PID, WorkDate, Hrs)
values(3003, '12-MAR-2019', 5);
insert into dailyHrs(PID, WorkDate, Hrs)
values(3003, '13-MAR-2019', 4);
insert into dailyHrs(PID, WorkDate, Hrs)
values(3003, '14-MAR-2019', 5);
insert into dailyHrs(PID, WorkDate, Hrs)
values(3003, '15-MAR-2019', 13);
insert into dailyHrs(PID, WorkDate, Hrs)
values(3003, '16-MAR-2019', 12);
insert into dailyHrs(PID, WorkDate, Hrs)
values(3003, '17-MAR-2019', 6);
insert into dailyHrs(PID, WorkDate, Hrs)
values(3003, '18-MAR-2019', 8);
insert into dailyHrs(PID, WorkDate, Hrs)
values(3003, '19-MAR-2019', 5);
insert into dailyHrs(PID, WorkDate, Hrs)
values(3003, '20-MAR-2019', 11);
insert into dailyHrs(PID, WorkDate, Hrs)
values(3003, '21-MAR-2019', 12);
insert into dailyHrs(PID, WorkDate, Hrs)
values(3003, '22-MAR-2019', 12);
insert into dailyHrs(PID, WorkDate, Hrs)
values(3003, '23-MAR-2019', 6);
insert into dailyHrs(PID, WorkDate, Hrs)
values(3003, '24-MAR-2019', 8);
insert into dailyHrs(PID, WorkDate, Hrs)
values(3003, '25-MAR-2019', 13);
insert into dailyHrs(PID, WorkDate, Hrs)
values(3003, '26-MAR-2019', 8);
insert into dailyHrs(PID, WorkDate, Hrs)
values(3003, '27-MAR-2019', 10);
insert into dailyHrs(PID, WorkDate, Hrs)
values(3003, '28-MAR-2019', 8);
insert into dailyHrs(PID, WorkDate, Hrs)
values(3003, '29-MAR-2019', 12);
insert into dailyHrs(PID, WorkDate, Hrs)
values(3003, '30-MAR-2019', 4);
insert into dailyHrs(PID, WorkDate, Hrs)
values(3003, '31-MAR-2019', 14);
insert into dailyHrs(PID, WorkDate, Hrs)
values(3003, '01-APR-2019', 14);
insert into dailyHrs(PID, WorkDate, Hrs)
values(3003, '02-APR-2019', 12);
insert into dailyHrs(PID, WorkDate, Hrs)
values(3003, '03-APR-2019', 14);
insert into dailyHrs(PID, WorkDate, Hrs)
values(3003, '04-APR-2019', 10);
insert into dailyHrs(PID, WorkDate, Hrs)
values(3003, '05-APR-2019', 6);
insert into dailyHrs(PID, WorkDate, Hrs)
values(3003, '06-APR-2019', 10);
insert into dailyHrs(PID, WorkDate, Hrs)
values(3003, '07-APR-2019', 5);
insert into dailyHrs(PID, WorkDate, Hrs)
values(3003, '08-APR-2019', 4);
insert into dailyHrs(PID, WorkDate, Hrs)
values(3003, '09-APR-2019', 9);
insert into dailyHrs(PID, WorkDate, Hrs)
values(3003, '10-APR-2019', 13);
insert into dailyHrs(PID, WorkDate, Hrs)
values(3003, '11-APR-2019', 11);
insert into dailyHrs(PID, WorkDate, Hrs)
values(3003, '12-APR-2019', 4);
insert into dailyHrs(PID, WorkDate, Hrs)
values(3003, '13-APR-2019', 6);
insert into dailyHrs(PID, WorkDate, Hrs)
values(3003, '14-APR-2019', 5);
insert into dailyHrs(PID, WorkDate, Hrs)
values(3003, '15-APR-2019', 5);
insert into dailyHrs(PID, WorkDate, Hrs)
values(3003, '16-APR-2019', 10);
insert into dailyHrs(PID, WorkDate, Hrs)
values(3003, '17-APR-2019', 14);
insert into dailyHrs(PID, WorkDate, Hrs)
values(3003, '18-APR-2019', 7);
insert into dailyHrs(PID, WorkDate, Hrs)
values(3003, '19-APR-2019', 4);
insert into dailyHrs(PID, WorkDate, Hrs)
values(3003, '20-APR-2019', 4);
insert into dailyHrs(PID, WorkDate, Hrs)
values(3003, '21-APR-2019', 8);
insert into dailyHrs(PID, WorkDate, Hrs)
values(3003, '22-APR-2019', 10);
insert into dailyHrs(PID, WorkDate, Hrs)
values(3003, '23-APR-2019', 11);
insert into dailyHrs(PID, WorkDate, Hrs)
values(3004, '11-DEC-2018', 9);
insert into dailyHrs(PID, WorkDate, Hrs)
values(3004, '12-DEC-2018', 13);
insert into dailyHrs(PID, WorkDate, Hrs)
values(3004, '13-DEC-2018', 9);
insert into dailyHrs(PID, WorkDate, Hrs)
values(3004, '14-DEC-2018', 7);
insert into dailyHrs(PID, WorkDate, Hrs)
values(3004, '15-DEC-2018', 12);
insert into dailyHrs(PID, WorkDate, Hrs)
values(3004, '16-DEC-2018', 6);
insert into dailyHrs(PID, WorkDate, Hrs)
values(3004, '17-DEC-2018', 11);
insert into dailyHrs(PID, WorkDate, Hrs)
values(3004, '18-DEC-2018', 10);
insert into dailyHrs(PID, WorkDate, Hrs)
values(3004, '19-DEC-2018', 4);
insert into dailyHrs(PID, WorkDate, Hrs)
values(3004, '20-DEC-2018', 12);
insert into dailyHrs(PID, WorkDate, Hrs)
values(3004, '21-DEC-2018', 8);
insert into dailyHrs(PID, WorkDate, Hrs)
values(3004, '22-DEC-2018', 12);
insert into dailyHrs(PID, WorkDate, Hrs)
values(3004, '23-DEC-2018', 12);
insert into dailyHrs(PID, WorkDate, Hrs)
values(3004, '24-DEC-2018', 14);
insert into dailyHrs(PID, WorkDate, Hrs)
values(3004, '25-DEC-2018', 7);
insert into dailyHrs(PID, WorkDate, Hrs)
values(3004, '26-DEC-2018', 5);
insert into dailyHrs(PID, WorkDate, Hrs)
values(3004, '27-DEC-2018', 14);
insert into dailyHrs(PID, WorkDate, Hrs)
values(3004, '28-DEC-2018', 4);
insert into dailyHrs(PID, WorkDate, Hrs)
values(3004, '29-DEC-2018', 9);
insert into dailyHrs(PID, WorkDate, Hrs)
values(3004, '30-DEC-2018', 12);
insert into dailyHrs(PID, WorkDate, Hrs)
values(3004, '31-DEC-2018', 8);
insert into dailyHrs(PID, WorkDate, Hrs)
values(3004, '01-JAN-2019', 9);
insert into dailyHrs(PID, WorkDate, Hrs)
values(3004, '02-JAN-2019', 9);
insert into dailyHrs(PID, WorkDate, Hrs)
values(3004, '03-JAN-2019', 6);
insert into dailyHrs(PID, WorkDate, Hrs)
values(3004, '04-JAN-2019', 7);
insert into dailyHrs(PID, WorkDate, Hrs)
values(3004, '05-JAN-2019', 6);
insert into dailyHrs(PID, WorkDate, Hrs)
values(3004, '06-JAN-2019', 5);
insert into dailyHrs(PID, WorkDate, Hrs)
values(3004, '07-JAN-2019', 9);
insert into dailyHrs(PID, WorkDate, Hrs)
values(3004, '08-JAN-2019', 13);
insert into dailyHrs(PID, WorkDate, Hrs)
values(3004, '09-JAN-2019', 4);
insert into dailyHrs(PID, WorkDate, Hrs)
values(3004, '10-JAN-2019', 5);
insert into dailyHrs(PID, WorkDate, Hrs)
values(3004, '11-JAN-2019', 6);
insert into dailyHrs(PID, WorkDate, Hrs)
values(3004, '12-JAN-2019', 12);
insert into dailyHrs(PID, WorkDate, Hrs)
values(3004, '13-JAN-2019', 7);
insert into dailyHrs(PID, WorkDate, Hrs)
values(3004, '14-JAN-2019', 11);
insert into dailyHrs(PID, WorkDate, Hrs)
values(3004, '15-JAN-2019', 7);
insert into dailyHrs(PID, WorkDate, Hrs)
values(3004, '16-JAN-2019', 4);
insert into dailyHrs(PID, WorkDate, Hrs)
values(3004, '17-JAN-2019', 13);
insert into dailyHrs(PID, WorkDate, Hrs)
values(3004, '18-JAN-2019', 7);
insert into dailyHrs(PID, WorkDate, Hrs)
values(3004, '19-JAN-2019', 10);
insert into dailyHrs(PID, WorkDate, Hrs)
values(3004, '20-JAN-2019', 7);
insert into dailyHrs(PID, WorkDate, Hrs)
values(3004, '21-JAN-2019', 8);
insert into dailyHrs(PID, WorkDate, Hrs)
values(3004, '22-JAN-2019', 11);
insert into dailyHrs(PID, WorkDate, Hrs)
values(3004, '23-JAN-2019', 11);
insert into dailyHrs(PID, WorkDate, Hrs)
values(3004, '24-JAN-2019', 13);
insert into dailyHrs(PID, WorkDate, Hrs)
values(3004, '25-JAN-2019', 7);
insert into dailyHrs(PID, WorkDate, Hrs)
values(3004, '26-JAN-2019', 10);
insert into dailyHrs(PID, WorkDate, Hrs)
values(3004, '27-JAN-2019', 4);
insert into dailyHrs(PID, WorkDate, Hrs)
values(3004, '28-JAN-2019', 4);
insert into dailyHrs(PID, WorkDate, Hrs)
values(3004, '29-JAN-2019', 5);
insert into dailyHrs(PID, WorkDate, Hrs)
values(3004, '30-JAN-2019', 9);
insert into dailyHrs(PID, WorkDate, Hrs)
values(3004, '31-JAN-2019', 13);
insert into dailyHrs(PID, WorkDate, Hrs)
values(3004, '01-FEB-2019', 4);
insert into dailyHrs(PID, WorkDate, Hrs)
values(3004, '02-FEB-2019', 12);
insert into dailyHrs(PID, WorkDate, Hrs)
values(3004, '03-FEB-2019', 7);
insert into dailyHrs(PID, WorkDate, Hrs)
values(3004, '04-FEB-2019', 11);
insert into dailyHrs(PID, WorkDate, Hrs)
values(3004, '05-FEB-2019', 11);
insert into dailyHrs(PID, WorkDate, Hrs)
values(3004, '06-FEB-2019', 6);
insert into dailyHrs(PID, WorkDate, Hrs)
values(3004, '07-FEB-2019', 9);
insert into dailyHrs(PID, WorkDate, Hrs)
values(3004, '08-FEB-2019', 6);
insert into dailyHrs(PID, WorkDate, Hrs)
values(3004, '09-FEB-2019', 6);
insert into dailyHrs(PID, WorkDate, Hrs)
values(3004, '10-FEB-2019', 12);
insert into dailyHrs(PID, WorkDate, Hrs)
values(3004, '11-FEB-2019', 9);
insert into dailyHrs(PID, WorkDate, Hrs)
values(3004, '12-FEB-2019', 14);
insert into dailyHrs(PID, WorkDate, Hrs)
values(3004, '13-FEB-2019', 13);
insert into dailyHrs(PID, WorkDate, Hrs)
values(3004, '14-FEB-2019', 14);
insert into dailyHrs(PID, WorkDate, Hrs)
values(3004, '15-FEB-2019', 8);
insert into dailyHrs(PID, WorkDate, Hrs)
values(3004, '16-FEB-2019', 4);
insert into dailyHrs(PID, WorkDate, Hrs)
values(3004, '17-FEB-2019', 6);
insert into dailyHrs(PID, WorkDate, Hrs)
values(3004, '18-FEB-2019', 8);
insert into dailyHrs(PID, WorkDate, Hrs)
values(3004, '19-FEB-2019', 9);
insert into dailyHrs(PID, WorkDate, Hrs)
values(3004, '20-FEB-2019', 10);
insert into dailyHrs(PID, WorkDate, Hrs)
values(3004, '21-FEB-2019', 10);
insert into dailyHrs(PID, WorkDate, Hrs)
values(3004, '22-FEB-2019', 5);
insert into dailyHrs(PID, WorkDate, Hrs)
values(3004, '23-FEB-2019', 5);
insert into dailyHrs(PID, WorkDate, Hrs)
values(3004, '24-FEB-2019', 14);
insert into dailyHrs(PID, WorkDate, Hrs)
values(3004, '25-FEB-2019', 13);
insert into dailyHrs(PID, WorkDate, Hrs)
values(3004, '26-FEB-2019', 10);
insert into dailyHrs(PID, WorkDate, Hrs)
values(3004, '27-FEB-2019', 12);
insert into dailyHrs(PID, WorkDate, Hrs)
values(3004, '28-FEB-2019', 13);
insert into dailyHrs(PID, WorkDate, Hrs)
values(3004, '01-MAR-2019', 9);
insert into dailyHrs(PID, WorkDate, Hrs)
values(3004, '02-MAR-2019', 11);
insert into dailyHrs(PID, WorkDate, Hrs)
values(3004, '03-MAR-2019', 14);
insert into dailyHrs(PID, WorkDate, Hrs)
values(3004, '04-MAR-2019', 6);
insert into dailyHrs(PID, WorkDate, Hrs)
values(3004, '05-MAR-2019', 14);
insert into dailyHrs(PID, WorkDate, Hrs)
values(3004, '06-MAR-2019', 11);
insert into dailyHrs(PID, WorkDate, Hrs)
values(3004, '07-MAR-2019', 9);
insert into dailyHrs(PID, WorkDate, Hrs)
values(3004, '08-MAR-2019', 8);
insert into dailyHrs(PID, WorkDate, Hrs)
values(3004, '09-MAR-2019', 12);
insert into dailyHrs(PID, WorkDate, Hrs)
values(3004, '10-MAR-2019', 6);
insert into dailyHrs(PID, WorkDate, Hrs)
values(3004, '11-MAR-2019', 7);
insert into dailyHrs(PID, WorkDate, Hrs)
values(3004, '12-MAR-2019', 9);
insert into dailyHrs(PID, WorkDate, Hrs)
values(3004, '13-MAR-2019', 14);
insert into dailyHrs(PID, WorkDate, Hrs)
values(3004, '14-MAR-2019', 7);
insert into dailyHrs(PID, WorkDate, Hrs)
values(3004, '15-MAR-2019', 13);
insert into dailyHrs(PID, WorkDate, Hrs)
values(3004, '16-MAR-2019', 9);
insert into dailyHrs(PID, WorkDate, Hrs)
values(3004, '17-MAR-2019', 9);
insert into dailyHrs(PID, WorkDate, Hrs)
values(3004, '18-MAR-2019', 9);
insert into dailyHrs(PID, WorkDate, Hrs)
values(3004, '19-MAR-2019', 9);
insert into dailyHrs(PID, WorkDate, Hrs)
values(3004, '20-MAR-2019', 11);
insert into dailyHrs(PID, WorkDate, Hrs)
values(3004, '21-MAR-2019', 10);
insert into dailyHrs(PID, WorkDate, Hrs)
values(3004, '22-MAR-2019', 4);
insert into dailyHrs(PID, WorkDate, Hrs)
values(3004, '23-MAR-2019', 12);
insert into dailyHrs(PID, WorkDate, Hrs)
values(3004, '24-MAR-2019', 12);
insert into dailyHrs(PID, WorkDate, Hrs)
values(3004, '25-MAR-2019', 14);
insert into dailyHrs(PID, WorkDate, Hrs)
values(3004, '26-MAR-2019', 10);
insert into dailyHrs(PID, WorkDate, Hrs)
values(3004, '27-MAR-2019', 7);
insert into dailyHrs(PID, WorkDate, Hrs)
values(3004, '28-MAR-2019', 7);
insert into dailyHrs(PID, WorkDate, Hrs)
values(3004, '29-MAR-2019', 11);
insert into dailyHrs(PID, WorkDate, Hrs)
values(3004, '30-MAR-2019', 4);
insert into dailyHrs(PID, WorkDate, Hrs)
values(3004, '31-MAR-2019', 12);
insert into dailyHrs(PID, WorkDate, Hrs)
values(3004, '01-APR-2019', 4);
insert into dailyHrs(PID, WorkDate, Hrs)
values(3004, '02-APR-2019', 4);
insert into dailyHrs(PID, WorkDate, Hrs)
values(3004, '03-APR-2019', 5);
insert into dailyHrs(PID, WorkDate, Hrs)
values(3004, '04-APR-2019', 14);
insert into dailyHrs(PID, WorkDate, Hrs)
values(3004, '05-APR-2019', 10);
insert into dailyHrs(PID, WorkDate, Hrs)
values(3004, '06-APR-2019', 11);
insert into dailyHrs(PID, WorkDate, Hrs)
values(3004, '07-APR-2019', 5);
insert into dailyHrs(PID, WorkDate, Hrs)
values(3004, '08-APR-2019', 11);
insert into dailyHrs(PID, WorkDate, Hrs)
values(3004, '09-APR-2019', 4);
insert into dailyHrs(PID, WorkDate, Hrs)
values(3004, '10-APR-2019', 10);
insert into dailyHrs(PID, WorkDate, Hrs)
values(3004, '11-APR-2019', 12);
insert into dailyHrs(PID, WorkDate, Hrs)
values(3004, '12-APR-2019', 10);
insert into dailyHrs(PID, WorkDate, Hrs)
values(3004, '13-APR-2019', 11);
insert into dailyHrs(PID, WorkDate, Hrs)
values(3004, '14-APR-2019', 11);
insert into dailyHrs(PID, WorkDate, Hrs)
values(3004, '15-APR-2019', 13);
insert into dailyHrs(PID, WorkDate, Hrs)
values(3004, '16-APR-2019', 13);
insert into dailyHrs(PID, WorkDate, Hrs)
values(3004, '17-APR-2019', 12);
insert into dailyHrs(PID, WorkDate, Hrs)
values(3004, '18-APR-2019', 6);
insert into dailyHrs(PID, WorkDate, Hrs)
values(3004, '19-APR-2019', 5);
insert into dailyHrs(PID, WorkDate, Hrs)
values(3004, '20-APR-2019', 13);
insert into dailyHrs(PID, WorkDate, Hrs)
values(3004, '21-APR-2019', 5);
insert into dailyHrs(PID, WorkDate, Hrs)
values(3004, '22-APR-2019', 8);
insert into dailyHrs(PID, WorkDate, Hrs)
values(3004, '23-APR-2019', 8);
insert into dailyHrs(PID, WorkDate, Hrs)
values(3005, '11-DEC-2018', 7);
insert into dailyHrs(PID, WorkDate, Hrs)
values(3005, '12-DEC-2018', 6);
insert into dailyHrs(PID, WorkDate, Hrs)
values(3005, '13-DEC-2018', 13);
insert into dailyHrs(PID, WorkDate, Hrs)
values(3005, '14-DEC-2018', 12);
insert into dailyHrs(PID, WorkDate, Hrs)
values(3005, '15-DEC-2018', 4);
insert into dailyHrs(PID, WorkDate, Hrs)
values(3005, '16-DEC-2018', 9);
insert into dailyHrs(PID, WorkDate, Hrs)
values(3005, '17-DEC-2018', 4);
insert into dailyHrs(PID, WorkDate, Hrs)
values(3005, '18-DEC-2018', 12);
insert into dailyHrs(PID, WorkDate, Hrs)
values(3005, '19-DEC-2018', 10);
insert into dailyHrs(PID, WorkDate, Hrs)
values(3005, '20-DEC-2018', 7);
insert into dailyHrs(PID, WorkDate, Hrs)
values(3005, '21-DEC-2018', 11);
insert into dailyHrs(PID, WorkDate, Hrs)
values(3005, '22-DEC-2018', 14);
insert into dailyHrs(PID, WorkDate, Hrs)
values(3005, '23-DEC-2018', 6);
insert into dailyHrs(PID, WorkDate, Hrs)
values(3005, '24-DEC-2018', 4);
insert into dailyHrs(PID, WorkDate, Hrs)
values(3005, '25-DEC-2018', 5);
insert into dailyHrs(PID, WorkDate, Hrs)
values(3005, '26-DEC-2018', 13);
insert into dailyHrs(PID, WorkDate, Hrs)
values(3005, '27-DEC-2018', 4);
insert into dailyHrs(PID, WorkDate, Hrs)
values(3005, '28-DEC-2018', 9);
insert into dailyHrs(PID, WorkDate, Hrs)
values(3005, '29-DEC-2018', 12);
insert into dailyHrs(PID, WorkDate, Hrs)
values(3005, '30-DEC-2018', 9);
insert into dailyHrs(PID, WorkDate, Hrs)
values(3005, '31-DEC-2018', 11);
insert into dailyHrs(PID, WorkDate, Hrs)
values(3005, '01-JAN-2019', 9);
insert into dailyHrs(PID, WorkDate, Hrs)
values(3005, '02-JAN-2019', 4);
insert into dailyHrs(PID, WorkDate, Hrs)
values(3005, '03-JAN-2019', 6);
insert into dailyHrs(PID, WorkDate, Hrs)
values(3005, '04-JAN-2019', 10);
insert into dailyHrs(PID, WorkDate, Hrs)
values(3005, '05-JAN-2019', 14);
insert into dailyHrs(PID, WorkDate, Hrs)
values(3005, '06-JAN-2019', 12);
insert into dailyHrs(PID, WorkDate, Hrs)
values(3005, '07-JAN-2019', 14);
insert into dailyHrs(PID, WorkDate, Hrs)
values(3005, '08-JAN-2019', 9);
insert into dailyHrs(PID, WorkDate, Hrs)
values(3005, '09-JAN-2019', 14);
insert into dailyHrs(PID, WorkDate, Hrs)
values(3005, '10-JAN-2019', 6);
insert into dailyHrs(PID, WorkDate, Hrs)
values(3005, '11-JAN-2019', 13);
insert into dailyHrs(PID, WorkDate, Hrs)
values(3005, '12-JAN-2019', 14);
insert into dailyHrs(PID, WorkDate, Hrs)
values(3005, '13-JAN-2019', 12);
insert into dailyHrs(PID, WorkDate, Hrs)
values(3005, '14-JAN-2019', 10);
insert into dailyHrs(PID, WorkDate, Hrs)
values(3005, '15-JAN-2019', 12);
insert into dailyHrs(PID, WorkDate, Hrs)
values(3005, '16-JAN-2019', 10);
insert into dailyHrs(PID, WorkDate, Hrs)
values(3005, '17-JAN-2019', 12);
insert into dailyHrs(PID, WorkDate, Hrs)
values(3005, '18-JAN-2019', 14);
insert into dailyHrs(PID, WorkDate, Hrs)
values(3005, '19-JAN-2019', 11);
insert into dailyHrs(PID, WorkDate, Hrs)
values(3005, '20-JAN-2019', 7);
insert into dailyHrs(PID, WorkDate, Hrs)
values(3005, '21-JAN-2019', 13);
insert into dailyHrs(PID, WorkDate, Hrs)
values(3005, '22-JAN-2019', 13);
insert into dailyHrs(PID, WorkDate, Hrs)
values(3005, '23-JAN-2019', 13);
insert into dailyHrs(PID, WorkDate, Hrs)
values(3005, '24-JAN-2019', 4);
insert into dailyHrs(PID, WorkDate, Hrs)
values(3005, '25-JAN-2019', 8);
insert into dailyHrs(PID, WorkDate, Hrs)
values(3005, '26-JAN-2019', 13);
insert into dailyHrs(PID, WorkDate, Hrs)
values(3005, '27-JAN-2019', 14);
insert into dailyHrs(PID, WorkDate, Hrs)
values(3005, '28-JAN-2019', 11);
insert into dailyHrs(PID, WorkDate, Hrs)
values(3005, '29-JAN-2019', 8);
insert into dailyHrs(PID, WorkDate, Hrs)
values(3005, '30-JAN-2019', 5);
insert into dailyHrs(PID, WorkDate, Hrs)
values(3005, '31-JAN-2019', 5);
insert into dailyHrs(PID, WorkDate, Hrs)
values(3005, '01-FEB-2019', 13);
insert into dailyHrs(PID, WorkDate, Hrs)
values(3005, '02-FEB-2019', 9);
insert into dailyHrs(PID, WorkDate, Hrs)
values(3005, '03-FEB-2019', 7);
insert into dailyHrs(PID, WorkDate, Hrs)
values(3005, '04-FEB-2019', 6);
insert into dailyHrs(PID, WorkDate, Hrs)
values(3005, '05-FEB-2019', 5);
insert into dailyHrs(PID, WorkDate, Hrs)
values(3005, '06-FEB-2019', 12);
insert into dailyHrs(PID, WorkDate, Hrs)
values(3005, '07-FEB-2019', 14);
insert into dailyHrs(PID, WorkDate, Hrs)
values(3005, '08-FEB-2019', 8);
insert into dailyHrs(PID, WorkDate, Hrs)
values(3005, '09-FEB-2019', 5);
insert into dailyHrs(PID, WorkDate, Hrs)
values(3005, '10-FEB-2019', 4);
insert into dailyHrs(PID, WorkDate, Hrs)
values(3005, '11-FEB-2019', 7);
insert into dailyHrs(PID, WorkDate, Hrs)
values(3005, '12-FEB-2019', 5);
insert into dailyHrs(PID, WorkDate, Hrs)
values(3005, '13-FEB-2019', 14);
insert into dailyHrs(PID, WorkDate, Hrs)
values(3005, '14-FEB-2019', 5);
insert into dailyHrs(PID, WorkDate, Hrs)
values(3005, '15-FEB-2019', 14);
insert into dailyHrs(PID, WorkDate, Hrs)
values(3005, '16-FEB-2019', 8);
insert into dailyHrs(PID, WorkDate, Hrs)
values(3005, '17-FEB-2019', 12);
insert into dailyHrs(PID, WorkDate, Hrs)
values(3005, '18-FEB-2019', 13);
insert into dailyHrs(PID, WorkDate, Hrs)
values(3005, '19-FEB-2019', 12);
insert into dailyHrs(PID, WorkDate, Hrs)
values(3005, '20-FEB-2019', 13);
insert into dailyHrs(PID, WorkDate, Hrs)
values(3005, '21-FEB-2019', 12);
insert into dailyHrs(PID, WorkDate, Hrs)
values(3005, '22-FEB-2019', 6);
insert into dailyHrs(PID, WorkDate, Hrs)
values(3005, '23-FEB-2019', 8);
insert into dailyHrs(PID, WorkDate, Hrs)
values(3005, '24-FEB-2019', 8);
insert into dailyHrs(PID, WorkDate, Hrs)
values(3005, '25-FEB-2019', 6);
insert into dailyHrs(PID, WorkDate, Hrs)
values(3005, '26-FEB-2019', 5);
insert into dailyHrs(PID, WorkDate, Hrs)
values(3005, '27-FEB-2019', 5);
insert into dailyHrs(PID, WorkDate, Hrs)
values(3005, '28-FEB-2019', 14);
insert into dailyHrs(PID, WorkDate, Hrs)
values(3005, '01-MAR-2019', 9);
insert into dailyHrs(PID, WorkDate, Hrs)
values(3005, '02-MAR-2019', 12);
insert into dailyHrs(PID, WorkDate, Hrs)
values(3005, '03-MAR-2019', 8);
insert into dailyHrs(PID, WorkDate, Hrs)
values(3005, '04-MAR-2019', 13);
insert into dailyHrs(PID, WorkDate, Hrs)
values(3005, '05-MAR-2019', 13);
insert into dailyHrs(PID, WorkDate, Hrs)
values(3005, '06-MAR-2019', 12);
insert into dailyHrs(PID, WorkDate, Hrs)
values(3005, '07-MAR-2019', 5);
insert into dailyHrs(PID, WorkDate, Hrs)
values(3005, '08-MAR-2019', 7);
insert into dailyHrs(PID, WorkDate, Hrs)
values(3005, '09-MAR-2019', 5);
insert into dailyHrs(PID, WorkDate, Hrs)
values(3005, '10-MAR-2019', 10);
insert into dailyHrs(PID, WorkDate, Hrs)
values(3005, '11-MAR-2019', 4);
insert into dailyHrs(PID, WorkDate, Hrs)
values(3005, '12-MAR-2019', 12);
insert into dailyHrs(PID, WorkDate, Hrs)
values(3005, '13-MAR-2019', 10);
insert into dailyHrs(PID, WorkDate, Hrs)
values(3005, '14-MAR-2019', 9);
insert into dailyHrs(PID, WorkDate, Hrs)
values(3005, '15-MAR-2019', 6);
insert into dailyHrs(PID, WorkDate, Hrs)
values(3005, '16-MAR-2019', 11);
insert into dailyHrs(PID, WorkDate, Hrs)
values(3005, '17-MAR-2019', 4);
insert into dailyHrs(PID, WorkDate, Hrs)
values(3005, '18-MAR-2019', 8);
insert into dailyHrs(PID, WorkDate, Hrs)
values(3005, '19-MAR-2019', 11);
insert into dailyHrs(PID, WorkDate, Hrs)
values(3005, '20-MAR-2019', 13);
insert into dailyHrs(PID, WorkDate, Hrs)
values(3005, '21-MAR-2019', 4);
insert into dailyHrs(PID, WorkDate, Hrs)
values(3005, '22-MAR-2019', 12);
insert into dailyHrs(PID, WorkDate, Hrs)
values(3005, '23-MAR-2019', 6);
insert into dailyHrs(PID, WorkDate, Hrs)
values(3005, '24-MAR-2019', 12);
insert into dailyHrs(PID, WorkDate, Hrs)
values(3005, '25-MAR-2019', 11);
insert into dailyHrs(PID, WorkDate, Hrs)
values(3005, '26-MAR-2019', 5);
insert into dailyHrs(PID, WorkDate, Hrs)
values(3005, '27-MAR-2019', 5);
insert into dailyHrs(PID, WorkDate, Hrs)
values(3005, '28-MAR-2019', 6);
insert into dailyHrs(PID, WorkDate, Hrs)
values(3005, '29-MAR-2019', 4);
insert into dailyHrs(PID, WorkDate, Hrs)
values(3005, '30-MAR-2019', 13);
insert into dailyHrs(PID, WorkDate, Hrs)
values(3005, '31-MAR-2019', 6);
insert into dailyHrs(PID, WorkDate, Hrs)
values(3005, '01-APR-2019', 10);
insert into dailyHrs(PID, WorkDate, Hrs)
values(3005, '02-APR-2019', 11);
insert into dailyHrs(PID, WorkDate, Hrs)
values(3005, '03-APR-2019', 6);
insert into dailyHrs(PID, WorkDate, Hrs)
values(3005, '04-APR-2019', 14);
insert into dailyHrs(PID, WorkDate, Hrs)
values(3005, '05-APR-2019', 6);
insert into dailyHrs(PID, WorkDate, Hrs)
values(3005, '06-APR-2019', 11);
insert into dailyHrs(PID, WorkDate, Hrs)
values(3005, '07-APR-2019', 12);
insert into dailyHrs(PID, WorkDate, Hrs)
values(3005, '08-APR-2019', 11);
insert into dailyHrs(PID, WorkDate, Hrs)
values(3005, '09-APR-2019', 14);
insert into dailyHrs(PID, WorkDate, Hrs)
values(3005, '10-APR-2019', 7);
insert into dailyHrs(PID, WorkDate, Hrs)
values(3005, '11-APR-2019', 4);
insert into dailyHrs(PID, WorkDate, Hrs)
values(3005, '12-APR-2019', 9);
insert into dailyHrs(PID, WorkDate, Hrs)
values(3005, '13-APR-2019', 5);
insert into dailyHrs(PID, WorkDate, Hrs)
values(3005, '14-APR-2019', 12);
insert into dailyHrs(PID, WorkDate, Hrs)
values(3005, '15-APR-2019', 9);
insert into dailyHrs(PID, WorkDate, Hrs)
values(3005, '16-APR-2019', 14);
insert into dailyHrs(PID, WorkDate, Hrs)
values(3005, '17-APR-2019', 13);
insert into dailyHrs(PID, WorkDate, Hrs)
values(3005, '18-APR-2019', 12);
insert into dailyHrs(PID, WorkDate, Hrs)
values(3005, '19-APR-2019', 4);
insert into dailyHrs(PID, WorkDate, Hrs)
values(3005, '20-APR-2019', 12);
insert into dailyHrs(PID, WorkDate, Hrs)
values(3005, '21-APR-2019', 8);
insert into dailyHrs(PID, WorkDate, Hrs)
values(3005, '22-APR-2019', 10);
insert into dailyHrs(PID, WorkDate, Hrs)
values(3005, '23-APR-2019', 14);
insert into dailyHrs(PID, WorkDate, Hrs)
values(3006, '11-DEC-2018', 7);
insert into dailyHrs(PID, WorkDate, Hrs)
values(3006, '12-DEC-2018', 14);
insert into dailyHrs(PID, WorkDate, Hrs)
values(3006, '13-DEC-2018', 5);
insert into dailyHrs(PID, WorkDate, Hrs)
values(3006, '14-DEC-2018', 13);
insert into dailyHrs(PID, WorkDate, Hrs)
values(3006, '15-DEC-2018', 7);
insert into dailyHrs(PID, WorkDate, Hrs)
values(3006, '16-DEC-2018', 12);
insert into dailyHrs(PID, WorkDate, Hrs)
values(3006, '17-DEC-2018', 4);
insert into dailyHrs(PID, WorkDate, Hrs)
values(3006, '18-DEC-2018', 14);
insert into dailyHrs(PID, WorkDate, Hrs)
values(3006, '19-DEC-2018', 9);
insert into dailyHrs(PID, WorkDate, Hrs)
values(3006, '20-DEC-2018', 10);
insert into dailyHrs(PID, WorkDate, Hrs)
values(3006, '21-DEC-2018', 5);
insert into dailyHrs(PID, WorkDate, Hrs)
values(3006, '22-DEC-2018', 12);
insert into dailyHrs(PID, WorkDate, Hrs)
values(3006, '23-DEC-2018', 13);
insert into dailyHrs(PID, WorkDate, Hrs)
values(3006, '24-DEC-2018', 14);
insert into dailyHrs(PID, WorkDate, Hrs)
values(3006, '25-DEC-2018', 12);
insert into dailyHrs(PID, WorkDate, Hrs)
values(3006, '26-DEC-2018', 4);
insert into dailyHrs(PID, WorkDate, Hrs)
values(3006, '27-DEC-2018', 5);
insert into dailyHrs(PID, WorkDate, Hrs)
values(3006, '28-DEC-2018', 4);
insert into dailyHrs(PID, WorkDate, Hrs)
values(3006, '29-DEC-2018', 5);
insert into dailyHrs(PID, WorkDate, Hrs)
values(3006, '30-DEC-2018', 6);
insert into dailyHrs(PID, WorkDate, Hrs)
values(3006, '31-DEC-2018', 5);
insert into dailyHrs(PID, WorkDate, Hrs)
values(3006, '01-JAN-2019', 6);
insert into dailyHrs(PID, WorkDate, Hrs)
values(3006, '02-JAN-2019', 6);
insert into dailyHrs(PID, WorkDate, Hrs)
values(3006, '03-JAN-2019', 13);
insert into dailyHrs(PID, WorkDate, Hrs)
values(3006, '04-JAN-2019', 8);
insert into dailyHrs(PID, WorkDate, Hrs)
values(3006, '05-JAN-2019', 14);
insert into dailyHrs(PID, WorkDate, Hrs)
values(3006, '06-JAN-2019', 14);
insert into dailyHrs(PID, WorkDate, Hrs)
values(3006, '07-JAN-2019', 8);
insert into dailyHrs(PID, WorkDate, Hrs)
values(3006, '08-JAN-2019', 11);
insert into dailyHrs(PID, WorkDate, Hrs)
values(3006, '09-JAN-2019', 9);
insert into dailyHrs(PID, WorkDate, Hrs)
values(3006, '10-JAN-2019', 13);
insert into dailyHrs(PID, WorkDate, Hrs)
values(3006, '11-JAN-2019', 9);
insert into dailyHrs(PID, WorkDate, Hrs)
values(3006, '12-JAN-2019', 5);
insert into dailyHrs(PID, WorkDate, Hrs)
values(3006, '13-JAN-2019', 12);
insert into dailyHrs(PID, WorkDate, Hrs)
values(3006, '14-JAN-2019', 8);
insert into dailyHrs(PID, WorkDate, Hrs)
values(3006, '15-JAN-2019', 13);
insert into dailyHrs(PID, WorkDate, Hrs)
values(3006, '16-JAN-2019', 5);
insert into dailyHrs(PID, WorkDate, Hrs)
values(3006, '17-JAN-2019', 4);
insert into dailyHrs(PID, WorkDate, Hrs)
values(3006, '18-JAN-2019', 4);
insert into dailyHrs(PID, WorkDate, Hrs)
values(3006, '19-JAN-2019', 6);
insert into dailyHrs(PID, WorkDate, Hrs)
values(3006, '20-JAN-2019', 10);
insert into dailyHrs(PID, WorkDate, Hrs)
values(3006, '21-JAN-2019', 8);
insert into dailyHrs(PID, WorkDate, Hrs)
values(3006, '22-JAN-2019', 12);
insert into dailyHrs(PID, WorkDate, Hrs)
values(3006, '23-JAN-2019', 7);
insert into dailyHrs(PID, WorkDate, Hrs)
values(3006, '24-JAN-2019', 6);
insert into dailyHrs(PID, WorkDate, Hrs)
values(3006, '25-JAN-2019', 6);
insert into dailyHrs(PID, WorkDate, Hrs)
values(3006, '26-JAN-2019', 4);
insert into dailyHrs(PID, WorkDate, Hrs)
values(3006, '27-JAN-2019', 6);
insert into dailyHrs(PID, WorkDate, Hrs)
values(3006, '28-JAN-2019', 4);
insert into dailyHrs(PID, WorkDate, Hrs)
values(3006, '29-JAN-2019', 14);
insert into dailyHrs(PID, WorkDate, Hrs)
values(3006, '30-JAN-2019', 5);
insert into dailyHrs(PID, WorkDate, Hrs)
values(3006, '31-JAN-2019', 6);
insert into dailyHrs(PID, WorkDate, Hrs)
values(3006, '01-FEB-2019', 14);
insert into dailyHrs(PID, WorkDate, Hrs)
values(3006, '02-FEB-2019', 12);
insert into dailyHrs(PID, WorkDate, Hrs)
values(3006, '03-FEB-2019', 5);
insert into dailyHrs(PID, WorkDate, Hrs)
values(3006, '04-FEB-2019', 14);
insert into dailyHrs(PID, WorkDate, Hrs)
values(3006, '05-FEB-2019', 11);
insert into dailyHrs(PID, WorkDate, Hrs)
values(3006, '06-FEB-2019', 12);
insert into dailyHrs(PID, WorkDate, Hrs)
values(3006, '07-FEB-2019', 14);
insert into dailyHrs(PID, WorkDate, Hrs)
values(3006, '08-FEB-2019', 8);
insert into dailyHrs(PID, WorkDate, Hrs)
values(3006, '09-FEB-2019', 10);
insert into dailyHrs(PID, WorkDate, Hrs)
values(3006, '10-FEB-2019', 6);
insert into dailyHrs(PID, WorkDate, Hrs)
values(3006, '11-FEB-2019', 7);
insert into dailyHrs(PID, WorkDate, Hrs)
values(3006, '12-FEB-2019', 8);
insert into dailyHrs(PID, WorkDate, Hrs)
values(3006, '13-FEB-2019', 6);
insert into dailyHrs(PID, WorkDate, Hrs)
values(3006, '14-FEB-2019', 12);
insert into dailyHrs(PID, WorkDate, Hrs)
values(3006, '15-FEB-2019', 13);
insert into dailyHrs(PID, WorkDate, Hrs)
values(3006, '16-FEB-2019', 8);
insert into dailyHrs(PID, WorkDate, Hrs)
values(3006, '17-FEB-2019', 7);
insert into dailyHrs(PID, WorkDate, Hrs)
values(3006, '18-FEB-2019', 8);
insert into dailyHrs(PID, WorkDate, Hrs)
values(3006, '19-FEB-2019', 12);
insert into dailyHrs(PID, WorkDate, Hrs)
values(3006, '20-FEB-2019', 5);
insert into dailyHrs(PID, WorkDate, Hrs)
values(3006, '21-FEB-2019', 4);
insert into dailyHrs(PID, WorkDate, Hrs)
values(3006, '22-FEB-2019', 11);
insert into dailyHrs(PID, WorkDate, Hrs)
values(3006, '23-FEB-2019', 11);
insert into dailyHrs(PID, WorkDate, Hrs)
values(3006, '24-FEB-2019', 4);
insert into dailyHrs(PID, WorkDate, Hrs)
values(3006, '25-FEB-2019', 9);
insert into dailyHrs(PID, WorkDate, Hrs)
values(3006, '26-FEB-2019', 11);
insert into dailyHrs(PID, WorkDate, Hrs)
values(3006, '27-FEB-2019', 10);
insert into dailyHrs(PID, WorkDate, Hrs)
values(3006, '28-FEB-2019', 11);
insert into dailyHrs(PID, WorkDate, Hrs)
values(3006, '01-MAR-2019', 9);
insert into dailyHrs(PID, WorkDate, Hrs)
values(3006, '02-MAR-2019', 6);
insert into dailyHrs(PID, WorkDate, Hrs)
values(3006, '03-MAR-2019', 14);
insert into dailyHrs(PID, WorkDate, Hrs)
values(3006, '04-MAR-2019', 13);
insert into dailyHrs(PID, WorkDate, Hrs)
values(3006, '05-MAR-2019', 14);
insert into dailyHrs(PID, WorkDate, Hrs)
values(3006, '06-MAR-2019', 7);
insert into dailyHrs(PID, WorkDate, Hrs)
values(3006, '07-MAR-2019', 11);
insert into dailyHrs(PID, WorkDate, Hrs)
values(3006, '08-MAR-2019', 9);
insert into dailyHrs(PID, WorkDate, Hrs)
values(3006, '09-MAR-2019', 8);
insert into dailyHrs(PID, WorkDate, Hrs)
values(3006, '10-MAR-2019', 14);
insert into dailyHrs(PID, WorkDate, Hrs)
values(3006, '11-MAR-2019', 14);
insert into dailyHrs(PID, WorkDate, Hrs)
values(3006, '12-MAR-2019', 5);
insert into dailyHrs(PID, WorkDate, Hrs)
values(3006, '13-MAR-2019', 4);
insert into dailyHrs(PID, WorkDate, Hrs)
values(3006, '14-MAR-2019', 13);
insert into dailyHrs(PID, WorkDate, Hrs)
values(3006, '15-MAR-2019', 5);
insert into dailyHrs(PID, WorkDate, Hrs)
values(3006, '16-MAR-2019', 11);
insert into dailyHrs(PID, WorkDate, Hrs)
values(3006, '17-MAR-2019', 13);
insert into dailyHrs(PID, WorkDate, Hrs)
values(3006, '18-MAR-2019', 10);
insert into dailyHrs(PID, WorkDate, Hrs)
values(3006, '19-MAR-2019', 12);
insert into dailyHrs(PID, WorkDate, Hrs)
values(3006, '20-MAR-2019', 8);
insert into dailyHrs(PID, WorkDate, Hrs)
values(3006, '21-MAR-2019', 7);
insert into dailyHrs(PID, WorkDate, Hrs)
values(3006, '22-MAR-2019', 8);
insert into dailyHrs(PID, WorkDate, Hrs)
values(3006, '23-MAR-2019', 5);
insert into dailyHrs(PID, WorkDate, Hrs)
values(3006, '24-MAR-2019', 7);
insert into dailyHrs(PID, WorkDate, Hrs)
values(3006, '25-MAR-2019', 8);
insert into dailyHrs(PID, WorkDate, Hrs)
values(3006, '26-MAR-2019', 9);
insert into dailyHrs(PID, WorkDate, Hrs)
values(3006, '27-MAR-2019', 6);
insert into dailyHrs(PID, WorkDate, Hrs)
values(3006, '28-MAR-2019', 9);
insert into dailyHrs(PID, WorkDate, Hrs)
values(3006, '29-MAR-2019', 14);
insert into dailyHrs(PID, WorkDate, Hrs)
values(3006, '30-MAR-2019', 6);
insert into dailyHrs(PID, WorkDate, Hrs)
values(3006, '31-MAR-2019', 14);
insert into dailyHrs(PID, WorkDate, Hrs)
values(3006, '01-APR-2019', 5);
insert into dailyHrs(PID, WorkDate, Hrs)
values(3006, '02-APR-2019', 10);
insert into dailyHrs(PID, WorkDate, Hrs)
values(3006, '03-APR-2019', 14);
insert into dailyHrs(PID, WorkDate, Hrs)
values(3006, '04-APR-2019', 7);
insert into dailyHrs(PID, WorkDate, Hrs)
values(3006, '05-APR-2019', 6);
insert into dailyHrs(PID, WorkDate, Hrs)
values(3006, '06-APR-2019', 7);
insert into dailyHrs(PID, WorkDate, Hrs)
values(3006, '07-APR-2019', 6);
insert into dailyHrs(PID, WorkDate, Hrs)
values(3006, '08-APR-2019', 9);
insert into dailyHrs(PID, WorkDate, Hrs)
values(3006, '09-APR-2019', 8);
insert into dailyHrs(PID, WorkDate, Hrs)
values(3006, '10-APR-2019', 10);
insert into dailyHrs(PID, WorkDate, Hrs)
values(3006, '11-APR-2019', 7);
insert into dailyHrs(PID, WorkDate, Hrs)
values(3006, '12-APR-2019', 11);
insert into dailyHrs(PID, WorkDate, Hrs)
values(3006, '13-APR-2019', 4);
insert into dailyHrs(PID, WorkDate, Hrs)
values(3006, '14-APR-2019', 9);
insert into dailyHrs(PID, WorkDate, Hrs)
values(3006, '15-APR-2019', 10);
insert into dailyHrs(PID, WorkDate, Hrs)
values(3006, '16-APR-2019', 12);
insert into dailyHrs(PID, WorkDate, Hrs)
values(3006, '17-APR-2019', 4);
insert into dailyHrs(PID, WorkDate, Hrs)
values(3006, '18-APR-2019', 7);
insert into dailyHrs(PID, WorkDate, Hrs)
values(3006, '19-APR-2019', 14);
insert into dailyHrs(PID, WorkDate, Hrs)
values(3006, '20-APR-2019', 13);
insert into dailyHrs(PID, WorkDate, Hrs)
values(3006, '21-APR-2019', 4);
insert into dailyHrs(PID, WorkDate, Hrs)
values(3006, '22-APR-2019', 5);
insert into dailyHrs(PID, WorkDate, Hrs)
values(3006, '23-APR-2019', 4);
insert into dailyHrs(PID, WorkDate, Hrs)
values(3007, '11-DEC-2018', 11);
insert into dailyHrs(PID, WorkDate, Hrs)
values(3007, '12-DEC-2018', 12);
insert into dailyHrs(PID, WorkDate, Hrs)
values(3007, '13-DEC-2018', 4);
insert into dailyHrs(PID, WorkDate, Hrs)
values(3007, '14-DEC-2018', 6);
insert into dailyHrs(PID, WorkDate, Hrs)
values(3007, '15-DEC-2018', 8);
insert into dailyHrs(PID, WorkDate, Hrs)
values(3007, '16-DEC-2018', 5);
insert into dailyHrs(PID, WorkDate, Hrs)
values(3007, '17-DEC-2018', 8);
insert into dailyHrs(PID, WorkDate, Hrs)
values(3007, '18-DEC-2018', 9);
insert into dailyHrs(PID, WorkDate, Hrs)
values(3007, '19-DEC-2018', 6);
insert into dailyHrs(PID, WorkDate, Hrs)
values(3007, '20-DEC-2018', 10);
insert into dailyHrs(PID, WorkDate, Hrs)
values(3007, '21-DEC-2018', 9);
insert into dailyHrs(PID, WorkDate, Hrs)
values(3007, '22-DEC-2018', 9);
insert into dailyHrs(PID, WorkDate, Hrs)
values(3007, '23-DEC-2018', 5);
insert into dailyHrs(PID, WorkDate, Hrs)
values(3007, '24-DEC-2018', 8);
insert into dailyHrs(PID, WorkDate, Hrs)
values(3007, '25-DEC-2018', 6);
insert into dailyHrs(PID, WorkDate, Hrs)
values(3007, '26-DEC-2018', 14);
insert into dailyHrs(PID, WorkDate, Hrs)
values(3007, '27-DEC-2018', 11);
insert into dailyHrs(PID, WorkDate, Hrs)
values(3007, '28-DEC-2018', 10);
insert into dailyHrs(PID, WorkDate, Hrs)
values(3007, '29-DEC-2018', 10);
insert into dailyHrs(PID, WorkDate, Hrs)
values(3007, '30-DEC-2018', 13);
insert into dailyHrs(PID, WorkDate, Hrs)
values(3007, '31-DEC-2018', 14);
insert into dailyHrs(PID, WorkDate, Hrs)
values(3007, '01-JAN-2019', 13);
insert into dailyHrs(PID, WorkDate, Hrs)
values(3007, '02-JAN-2019', 14);
insert into dailyHrs(PID, WorkDate, Hrs)
values(3007, '03-JAN-2019', 13);
insert into dailyHrs(PID, WorkDate, Hrs)
values(3007, '04-JAN-2019', 5);
insert into dailyHrs(PID, WorkDate, Hrs)
values(3007, '05-JAN-2019', 13);
insert into dailyHrs(PID, WorkDate, Hrs)
values(3007, '06-JAN-2019', 4);
insert into dailyHrs(PID, WorkDate, Hrs)
values(3007, '07-JAN-2019', 9);
insert into dailyHrs(PID, WorkDate, Hrs)
values(3007, '08-JAN-2019', 5);
insert into dailyHrs(PID, WorkDate, Hrs)
values(3007, '09-JAN-2019', 5);
insert into dailyHrs(PID, WorkDate, Hrs)
values(3007, '10-JAN-2019', 6);
insert into dailyHrs(PID, WorkDate, Hrs)
values(3007, '11-JAN-2019', 12);
insert into dailyHrs(PID, WorkDate, Hrs)
values(3007, '12-JAN-2019', 6);
insert into dailyHrs(PID, WorkDate, Hrs)
values(3007, '13-JAN-2019', 8);
insert into dailyHrs(PID, WorkDate, Hrs)
values(3007, '14-JAN-2019', 12);
insert into dailyHrs(PID, WorkDate, Hrs)
values(3007, '15-JAN-2019', 8);
insert into dailyHrs(PID, WorkDate, Hrs)
values(3007, '16-JAN-2019', 13);
insert into dailyHrs(PID, WorkDate, Hrs)
values(3007, '17-JAN-2019', 4);
insert into dailyHrs(PID, WorkDate, Hrs)
values(3007, '18-JAN-2019', 9);
insert into dailyHrs(PID, WorkDate, Hrs)
values(3007, '19-JAN-2019', 6);
insert into dailyHrs(PID, WorkDate, Hrs)
values(3007, '20-JAN-2019', 11);
insert into dailyHrs(PID, WorkDate, Hrs)
values(3007, '21-JAN-2019', 5);
insert into dailyHrs(PID, WorkDate, Hrs)
values(3007, '22-JAN-2019', 6);
insert into dailyHrs(PID, WorkDate, Hrs)
values(3007, '23-JAN-2019', 7);
insert into dailyHrs(PID, WorkDate, Hrs)
values(3007, '24-JAN-2019', 6);
insert into dailyHrs(PID, WorkDate, Hrs)
values(3007, '25-JAN-2019', 11);
insert into dailyHrs(PID, WorkDate, Hrs)
values(3007, '26-JAN-2019', 11);
insert into dailyHrs(PID, WorkDate, Hrs)
values(3007, '27-JAN-2019', 13);
insert into dailyHrs(PID, WorkDate, Hrs)
values(3007, '28-JAN-2019', 10);
insert into dailyHrs(PID, WorkDate, Hrs)
values(3007, '29-JAN-2019', 11);
insert into dailyHrs(PID, WorkDate, Hrs)
values(3007, '30-JAN-2019', 8);
insert into dailyHrs(PID, WorkDate, Hrs)
values(3007, '31-JAN-2019', 12);
insert into dailyHrs(PID, WorkDate, Hrs)
values(3007, '01-FEB-2019', 8);
insert into dailyHrs(PID, WorkDate, Hrs)
values(3007, '02-FEB-2019', 9);
insert into dailyHrs(PID, WorkDate, Hrs)
values(3007, '03-FEB-2019', 13);
insert into dailyHrs(PID, WorkDate, Hrs)
values(3007, '04-FEB-2019', 8);
insert into dailyHrs(PID, WorkDate, Hrs)
values(3007, '05-FEB-2019', 13);
insert into dailyHrs(PID, WorkDate, Hrs)
values(3007, '06-FEB-2019', 12);
insert into dailyHrs(PID, WorkDate, Hrs)
values(3007, '07-FEB-2019', 7);
insert into dailyHrs(PID, WorkDate, Hrs)
values(3007, '08-FEB-2019', 5);
insert into dailyHrs(PID, WorkDate, Hrs)
values(3007, '09-FEB-2019', 13);
insert into dailyHrs(PID, WorkDate, Hrs)
values(3007, '10-FEB-2019', 7);
insert into dailyHrs(PID, WorkDate, Hrs)
values(3007, '11-FEB-2019', 6);
insert into dailyHrs(PID, WorkDate, Hrs)
values(3007, '12-FEB-2019', 13);
insert into dailyHrs(PID, WorkDate, Hrs)
values(3007, '13-FEB-2019', 8);
insert into dailyHrs(PID, WorkDate, Hrs)
values(3007, '14-FEB-2019', 6);
insert into dailyHrs(PID, WorkDate, Hrs)
values(3007, '15-FEB-2019', 7);
insert into dailyHrs(PID, WorkDate, Hrs)
values(3007, '16-FEB-2019', 12);
insert into dailyHrs(PID, WorkDate, Hrs)
values(3007, '17-FEB-2019', 5);
insert into dailyHrs(PID, WorkDate, Hrs)
values(3007, '18-FEB-2019', 5);
insert into dailyHrs(PID, WorkDate, Hrs)
values(3007, '19-FEB-2019', 13);
insert into dailyHrs(PID, WorkDate, Hrs)
values(3007, '20-FEB-2019', 6);
insert into dailyHrs(PID, WorkDate, Hrs)
values(3007, '21-FEB-2019', 5);
insert into dailyHrs(PID, WorkDate, Hrs)
values(3007, '22-FEB-2019', 9);
insert into dailyHrs(PID, WorkDate, Hrs)
values(3007, '23-FEB-2019', 8);
insert into dailyHrs(PID, WorkDate, Hrs)
values(3007, '24-FEB-2019', 5);
insert into dailyHrs(PID, WorkDate, Hrs)
values(3007, '25-FEB-2019', 5);
insert into dailyHrs(PID, WorkDate, Hrs)
values(3007, '26-FEB-2019', 10);
insert into dailyHrs(PID, WorkDate, Hrs)
values(3007, '27-FEB-2019', 12);
insert into dailyHrs(PID, WorkDate, Hrs)
values(3007, '28-FEB-2019', 11);
insert into dailyHrs(PID, WorkDate, Hrs)
values(3007, '01-MAR-2019', 10);
insert into dailyHrs(PID, WorkDate, Hrs)
values(3007, '02-MAR-2019', 9);
insert into dailyHrs(PID, WorkDate, Hrs)
values(3007, '03-MAR-2019', 7);
insert into dailyHrs(PID, WorkDate, Hrs)
values(3007, '04-MAR-2019', 9);
insert into dailyHrs(PID, WorkDate, Hrs)
values(3007, '05-MAR-2019', 10);
insert into dailyHrs(PID, WorkDate, Hrs)
values(3007, '06-MAR-2019', 6);
insert into dailyHrs(PID, WorkDate, Hrs)
values(3007, '07-MAR-2019', 11);
insert into dailyHrs(PID, WorkDate, Hrs)
values(3007, '08-MAR-2019', 12);
insert into dailyHrs(PID, WorkDate, Hrs)
values(3007, '09-MAR-2019', 12);
insert into dailyHrs(PID, WorkDate, Hrs)
values(3007, '10-MAR-2019', 14);
insert into dailyHrs(PID, WorkDate, Hrs)
values(3007, '11-MAR-2019', 9);
insert into dailyHrs(PID, WorkDate, Hrs)
values(3007, '12-MAR-2019', 10);
insert into dailyHrs(PID, WorkDate, Hrs)
values(3007, '13-MAR-2019', 14);
insert into dailyHrs(PID, WorkDate, Hrs)
values(3007, '14-MAR-2019', 10);
insert into dailyHrs(PID, WorkDate, Hrs)
values(3007, '15-MAR-2019', 14);
insert into dailyHrs(PID, WorkDate, Hrs)
values(3007, '16-MAR-2019', 6);
insert into dailyHrs(PID, WorkDate, Hrs)
values(3007, '17-MAR-2019', 13);
insert into dailyHrs(PID, WorkDate, Hrs)
values(3007, '18-MAR-2019', 6);
insert into dailyHrs(PID, WorkDate, Hrs)
values(3007, '19-MAR-2019', 14);
insert into dailyHrs(PID, WorkDate, Hrs)
values(3007, '20-MAR-2019', 7);
insert into dailyHrs(PID, WorkDate, Hrs)
values(3007, '21-MAR-2019', 5);
insert into dailyHrs(PID, WorkDate, Hrs)
values(3007, '22-MAR-2019', 10);
insert into dailyHrs(PID, WorkDate, Hrs)
values(3007, '23-MAR-2019', 4);
insert into dailyHrs(PID, WorkDate, Hrs)
values(3007, '24-MAR-2019', 5);
insert into dailyHrs(PID, WorkDate, Hrs)
values(3007, '25-MAR-2019', 13);
insert into dailyHrs(PID, WorkDate, Hrs)
values(3007, '26-MAR-2019', 7);
insert into dailyHrs(PID, WorkDate, Hrs)
values(3007, '27-MAR-2019', 11);
insert into dailyHrs(PID, WorkDate, Hrs)
values(3007, '28-MAR-2019', 6);
insert into dailyHrs(PID, WorkDate, Hrs)
values(3007, '29-MAR-2019', 12);
insert into dailyHrs(PID, WorkDate, Hrs)
values(3007, '30-MAR-2019', 14);
insert into dailyHrs(PID, WorkDate, Hrs)
values(3007, '31-MAR-2019', 12);
insert into dailyHrs(PID, WorkDate, Hrs)
values(3007, '01-APR-2019', 10);
insert into dailyHrs(PID, WorkDate, Hrs)
values(3007, '02-APR-2019', 6);
insert into dailyHrs(PID, WorkDate, Hrs)
values(3007, '03-APR-2019', 12);
insert into dailyHrs(PID, WorkDate, Hrs)
values(3007, '04-APR-2019', 4);
insert into dailyHrs(PID, WorkDate, Hrs)
values(3007, '05-APR-2019', 5);
insert into dailyHrs(PID, WorkDate, Hrs)
values(3007, '06-APR-2019', 8);
insert into dailyHrs(PID, WorkDate, Hrs)
values(3007, '07-APR-2019', 5);
insert into dailyHrs(PID, WorkDate, Hrs)
values(3007, '08-APR-2019', 10);
insert into dailyHrs(PID, WorkDate, Hrs)
values(3007, '09-APR-2019', 11);
insert into dailyHrs(PID, WorkDate, Hrs)
values(3007, '10-APR-2019', 6);
insert into dailyHrs(PID, WorkDate, Hrs)
values(3007, '11-APR-2019', 8);
insert into dailyHrs(PID, WorkDate, Hrs)
values(3007, '12-APR-2019', 8);
insert into dailyHrs(PID, WorkDate, Hrs)
values(3007, '13-APR-2019', 7);
insert into dailyHrs(PID, WorkDate, Hrs)
values(3007, '14-APR-2019', 4);
insert into dailyHrs(PID, WorkDate, Hrs)
values(3007, '15-APR-2019', 10);
insert into dailyHrs(PID, WorkDate, Hrs)
values(3007, '16-APR-2019', 9);
insert into dailyHrs(PID, WorkDate, Hrs)
values(3007, '17-APR-2019', 7);
insert into dailyHrs(PID, WorkDate, Hrs)
values(3007, '18-APR-2019', 11);
insert into dailyHrs(PID, WorkDate, Hrs)
values(3007, '19-APR-2019', 9);
insert into dailyHrs(PID, WorkDate, Hrs)
values(3007, '20-APR-2019', 7);
insert into dailyHrs(PID, WorkDate, Hrs)
values(3007, '21-APR-2019', 6);
insert into dailyHrs(PID, WorkDate, Hrs)
values(3007, '22-APR-2019', 9);
insert into dailyHrs(PID, WorkDate, Hrs)
values(3007, '23-APR-2019', 7);
insert into dailyHrs(PID, WorkDate, Hrs)
values(3008, '11-DEC-2018', 13);
insert into dailyHrs(PID, WorkDate, Hrs)
values(3008, '12-DEC-2018', 8);
insert into dailyHrs(PID, WorkDate, Hrs)
values(3008, '13-DEC-2018', 7);
insert into dailyHrs(PID, WorkDate, Hrs)
values(3008, '14-DEC-2018', 12);
insert into dailyHrs(PID, WorkDate, Hrs)
values(3008, '15-DEC-2018', 6);
insert into dailyHrs(PID, WorkDate, Hrs)
values(3008, '16-DEC-2018', 4);
insert into dailyHrs(PID, WorkDate, Hrs)
values(3008, '17-DEC-2018', 14);
insert into dailyHrs(PID, WorkDate, Hrs)
values(3008, '18-DEC-2018', 13);
insert into dailyHrs(PID, WorkDate, Hrs)
values(3008, '19-DEC-2018', 5);
insert into dailyHrs(PID, WorkDate, Hrs)
values(3008, '20-DEC-2018', 9);
insert into dailyHrs(PID, WorkDate, Hrs)
values(3008, '21-DEC-2018', 13);
insert into dailyHrs(PID, WorkDate, Hrs)
values(3008, '22-DEC-2018', 13);
insert into dailyHrs(PID, WorkDate, Hrs)
values(3008, '23-DEC-2018', 8);
insert into dailyHrs(PID, WorkDate, Hrs)
values(3008, '24-DEC-2018', 11);
insert into dailyHrs(PID, WorkDate, Hrs)
values(3008, '25-DEC-2018', 9);
insert into dailyHrs(PID, WorkDate, Hrs)
values(3008, '26-DEC-2018', 13);
insert into dailyHrs(PID, WorkDate, Hrs)
values(3008, '27-DEC-2018', 8);
insert into dailyHrs(PID, WorkDate, Hrs)
values(3008, '28-DEC-2018', 13);
insert into dailyHrs(PID, WorkDate, Hrs)
values(3008, '29-DEC-2018', 7);
insert into dailyHrs(PID, WorkDate, Hrs)
values(3008, '30-DEC-2018', 6);
insert into dailyHrs(PID, WorkDate, Hrs)
values(3008, '31-DEC-2018', 8);
insert into dailyHrs(PID, WorkDate, Hrs)
values(3008, '01-JAN-2019', 4);
insert into dailyHrs(PID, WorkDate, Hrs)
values(3008, '02-JAN-2019', 7);
insert into dailyHrs(PID, WorkDate, Hrs)
values(3008, '03-JAN-2019', 4);
insert into dailyHrs(PID, WorkDate, Hrs)
values(3008, '04-JAN-2019', 10);
insert into dailyHrs(PID, WorkDate, Hrs)
values(3008, '05-JAN-2019', 6);
insert into dailyHrs(PID, WorkDate, Hrs)
values(3008, '06-JAN-2019', 13);
insert into dailyHrs(PID, WorkDate, Hrs)
values(3008, '07-JAN-2019', 13);
insert into dailyHrs(PID, WorkDate, Hrs)
values(3008, '08-JAN-2019', 7);
insert into dailyHrs(PID, WorkDate, Hrs)
values(3008, '09-JAN-2019', 7);
insert into dailyHrs(PID, WorkDate, Hrs)
values(3008, '10-JAN-2019', 12);
insert into dailyHrs(PID, WorkDate, Hrs)
values(3008, '11-JAN-2019', 5);
insert into dailyHrs(PID, WorkDate, Hrs)
values(3008, '12-JAN-2019', 14);
insert into dailyHrs(PID, WorkDate, Hrs)
values(3008, '13-JAN-2019', 11);
insert into dailyHrs(PID, WorkDate, Hrs)
values(3008, '14-JAN-2019', 12);
insert into dailyHrs(PID, WorkDate, Hrs)
values(3008, '15-JAN-2019', 11);
insert into dailyHrs(PID, WorkDate, Hrs)
values(3008, '16-JAN-2019', 14);
insert into dailyHrs(PID, WorkDate, Hrs)
values(3008, '17-JAN-2019', 10);
insert into dailyHrs(PID, WorkDate, Hrs)
values(3008, '18-JAN-2019', 10);
insert into dailyHrs(PID, WorkDate, Hrs)
values(3008, '19-JAN-2019', 10);
insert into dailyHrs(PID, WorkDate, Hrs)
values(3008, '20-JAN-2019', 11);
insert into dailyHrs(PID, WorkDate, Hrs)
values(3008, '21-JAN-2019', 14);
insert into dailyHrs(PID, WorkDate, Hrs)
values(3008, '22-JAN-2019', 13);
insert into dailyHrs(PID, WorkDate, Hrs)
values(3008, '23-JAN-2019', 4);
insert into dailyHrs(PID, WorkDate, Hrs)
values(3008, '24-JAN-2019', 9);
insert into dailyHrs(PID, WorkDate, Hrs)
values(3008, '25-JAN-2019', 7);
insert into dailyHrs(PID, WorkDate, Hrs)
values(3008, '26-JAN-2019', 6);
insert into dailyHrs(PID, WorkDate, Hrs)
values(3008, '27-JAN-2019', 14);
insert into dailyHrs(PID, WorkDate, Hrs)
values(3008, '28-JAN-2019', 10);
insert into dailyHrs(PID, WorkDate, Hrs)
values(3008, '29-JAN-2019', 10);
insert into dailyHrs(PID, WorkDate, Hrs)
values(3008, '30-JAN-2019', 9);
insert into dailyHrs(PID, WorkDate, Hrs)
values(3008, '31-JAN-2019', 8);
insert into dailyHrs(PID, WorkDate, Hrs)
values(3008, '01-FEB-2019', 7);
insert into dailyHrs(PID, WorkDate, Hrs)
values(3008, '02-FEB-2019', 14);
insert into dailyHrs(PID, WorkDate, Hrs)
values(3008, '03-FEB-2019', 10);
insert into dailyHrs(PID, WorkDate, Hrs)
values(3008, '04-FEB-2019', 12);
insert into dailyHrs(PID, WorkDate, Hrs)
values(3008, '05-FEB-2019', 8);
insert into dailyHrs(PID, WorkDate, Hrs)
values(3008, '06-FEB-2019', 8);
insert into dailyHrs(PID, WorkDate, Hrs)
values(3008, '07-FEB-2019', 10);
insert into dailyHrs(PID, WorkDate, Hrs)
values(3008, '08-FEB-2019', 14);
insert into dailyHrs(PID, WorkDate, Hrs)
values(3008, '09-FEB-2019', 10);
insert into dailyHrs(PID, WorkDate, Hrs)
values(3008, '10-FEB-2019', 13);
insert into dailyHrs(PID, WorkDate, Hrs)
values(3008, '11-FEB-2019', 9);
insert into dailyHrs(PID, WorkDate, Hrs)
values(3008, '12-FEB-2019', 6);
insert into dailyHrs(PID, WorkDate, Hrs)
values(3008, '13-FEB-2019', 8);
insert into dailyHrs(PID, WorkDate, Hrs)
values(3008, '14-FEB-2019', 4);
insert into dailyHrs(PID, WorkDate, Hrs)
values(3008, '15-FEB-2019', 13);
insert into dailyHrs(PID, WorkDate, Hrs)
values(3008, '16-FEB-2019', 6);
insert into dailyHrs(PID, WorkDate, Hrs)
values(3008, '17-FEB-2019', 13);
insert into dailyHrs(PID, WorkDate, Hrs)
values(3008, '18-FEB-2019', 4);
insert into dailyHrs(PID, WorkDate, Hrs)
values(3008, '19-FEB-2019', 4);
insert into dailyHrs(PID, WorkDate, Hrs)
values(3008, '20-FEB-2019', 4);
insert into dailyHrs(PID, WorkDate, Hrs)
values(3008, '21-FEB-2019', 9);
insert into dailyHrs(PID, WorkDate, Hrs)
values(3008, '22-FEB-2019', 13);
insert into dailyHrs(PID, WorkDate, Hrs)
values(3008, '23-FEB-2019', 7);
insert into dailyHrs(PID, WorkDate, Hrs)
values(3008, '24-FEB-2019', 5);
insert into dailyHrs(PID, WorkDate, Hrs)
values(3008, '25-FEB-2019', 6);
insert into dailyHrs(PID, WorkDate, Hrs)
values(3008, '26-FEB-2019', 11);
insert into dailyHrs(PID, WorkDate, Hrs)
values(3008, '27-FEB-2019', 8);
insert into dailyHrs(PID, WorkDate, Hrs)
values(3008, '28-FEB-2019', 5);
insert into dailyHrs(PID, WorkDate, Hrs)
values(3008, '01-MAR-2019', 7);
insert into dailyHrs(PID, WorkDate, Hrs)
values(3008, '02-MAR-2019', 12);
insert into dailyHrs(PID, WorkDate, Hrs)
values(3008, '03-MAR-2019', 14);
insert into dailyHrs(PID, WorkDate, Hrs)
values(3008, '04-MAR-2019', 5);
insert into dailyHrs(PID, WorkDate, Hrs)
values(3008, '05-MAR-2019', 12);
insert into dailyHrs(PID, WorkDate, Hrs)
values(3008, '06-MAR-2019', 13);
insert into dailyHrs(PID, WorkDate, Hrs)
values(3008, '07-MAR-2019', 13);
insert into dailyHrs(PID, WorkDate, Hrs)
values(3008, '08-MAR-2019', 5);
insert into dailyHrs(PID, WorkDate, Hrs)
values(3008, '09-MAR-2019', 14);
insert into dailyHrs(PID, WorkDate, Hrs)
values(3008, '10-MAR-2019', 11);
insert into dailyHrs(PID, WorkDate, Hrs)
values(3008, '11-MAR-2019', 7);
insert into dailyHrs(PID, WorkDate, Hrs)
values(3008, '12-MAR-2019', 5);
insert into dailyHrs(PID, WorkDate, Hrs)
values(3008, '13-MAR-2019', 9);
insert into dailyHrs(PID, WorkDate, Hrs)
values(3008, '14-MAR-2019', 8);
insert into dailyHrs(PID, WorkDate, Hrs)
values(3008, '15-MAR-2019', 5);
insert into dailyHrs(PID, WorkDate, Hrs)
values(3008, '16-MAR-2019', 7);
insert into dailyHrs(PID, WorkDate, Hrs)
values(3008, '17-MAR-2019', 13);
insert into dailyHrs(PID, WorkDate, Hrs)
values(3008, '18-MAR-2019', 7);
insert into dailyHrs(PID, WorkDate, Hrs)
values(3008, '19-MAR-2019', 9);
insert into dailyHrs(PID, WorkDate, Hrs)
values(3008, '20-MAR-2019', 13);
insert into dailyHrs(PID, WorkDate, Hrs)
values(3008, '21-MAR-2019', 5);
insert into dailyHrs(PID, WorkDate, Hrs)
values(3008, '22-MAR-2019', 4);
insert into dailyHrs(PID, WorkDate, Hrs)
values(3008, '23-MAR-2019', 10);
insert into dailyHrs(PID, WorkDate, Hrs)
values(3008, '24-MAR-2019', 7);
insert into dailyHrs(PID, WorkDate, Hrs)
values(3008, '25-MAR-2019', 11);
insert into dailyHrs(PID, WorkDate, Hrs)
values(3008, '26-MAR-2019', 7);
insert into dailyHrs(PID, WorkDate, Hrs)
values(3008, '27-MAR-2019', 4);
insert into dailyHrs(PID, WorkDate, Hrs)
values(3008, '28-MAR-2019', 11);
insert into dailyHrs(PID, WorkDate, Hrs)
values(3008, '29-MAR-2019', 13);
insert into dailyHrs(PID, WorkDate, Hrs)
values(3008, '30-MAR-2019', 14);
insert into dailyHrs(PID, WorkDate, Hrs)
values(3008, '31-MAR-2019', 5);
insert into dailyHrs(PID, WorkDate, Hrs)
values(3008, '01-APR-2019', 11);
insert into dailyHrs(PID, WorkDate, Hrs)
values(3008, '02-APR-2019', 7);
insert into dailyHrs(PID, WorkDate, Hrs)
values(3008, '03-APR-2019', 12);
insert into dailyHrs(PID, WorkDate, Hrs)
values(3008, '04-APR-2019', 4);
insert into dailyHrs(PID, WorkDate, Hrs)
values(3008, '05-APR-2019', 12);
insert into dailyHrs(PID, WorkDate, Hrs)
values(3008, '06-APR-2019', 14);
insert into dailyHrs(PID, WorkDate, Hrs)
values(3008, '07-APR-2019', 6);
insert into dailyHrs(PID, WorkDate, Hrs)
values(3008, '08-APR-2019', 4);
insert into dailyHrs(PID, WorkDate, Hrs)
values(3008, '09-APR-2019', 12);
insert into dailyHrs(PID, WorkDate, Hrs)
values(3008, '10-APR-2019', 4);
insert into dailyHrs(PID, WorkDate, Hrs)
values(3008, '11-APR-2019', 5);
insert into dailyHrs(PID, WorkDate, Hrs)
values(3008, '12-APR-2019', 12);
insert into dailyHrs(PID, WorkDate, Hrs)
values(3008, '13-APR-2019', 14);
insert into dailyHrs(PID, WorkDate, Hrs)
values(3008, '14-APR-2019', 12);
insert into dailyHrs(PID, WorkDate, Hrs)
values(3008, '15-APR-2019', 5);
insert into dailyHrs(PID, WorkDate, Hrs)
values(3008, '16-APR-2019', 11);
insert into dailyHrs(PID, WorkDate, Hrs)
values(3008, '17-APR-2019', 8);
insert into dailyHrs(PID, WorkDate, Hrs)
values(3008, '18-APR-2019', 8);
insert into dailyHrs(PID, WorkDate, Hrs)
values(3008, '19-APR-2019', 10);
insert into dailyHrs(PID, WorkDate, Hrs)
values(3008, '20-APR-2019', 12);
insert into dailyHrs(PID, WorkDate, Hrs)
values(3008, '21-APR-2019', 13);
insert into dailyHrs(PID, WorkDate, Hrs)
values(3008, '22-APR-2019', 7);
insert into dailyHrs(PID, WorkDate, Hrs)
values(3008, '23-APR-2019', 9);
insert into dailyHrs(PID, WorkDate, Hrs)
values(3009, '11-DEC-2018', 6);
insert into dailyHrs(PID, WorkDate, Hrs)
values(3009, '12-DEC-2018', 7);
insert into dailyHrs(PID, WorkDate, Hrs)
values(3009, '13-DEC-2018', 10);
insert into dailyHrs(PID, WorkDate, Hrs)
values(3009, '14-DEC-2018', 8);
insert into dailyHrs(PID, WorkDate, Hrs)
values(3009, '15-DEC-2018', 4);
insert into dailyHrs(PID, WorkDate, Hrs)
values(3009, '16-DEC-2018', 10);
insert into dailyHrs(PID, WorkDate, Hrs)
values(3009, '17-DEC-2018', 8);
insert into dailyHrs(PID, WorkDate, Hrs)
values(3009, '18-DEC-2018', 11);
insert into dailyHrs(PID, WorkDate, Hrs)
values(3009, '19-DEC-2018', 10);
insert into dailyHrs(PID, WorkDate, Hrs)
values(3009, '20-DEC-2018', 12);
insert into dailyHrs(PID, WorkDate, Hrs)
values(3009, '21-DEC-2018', 7);
insert into dailyHrs(PID, WorkDate, Hrs)
values(3009, '22-DEC-2018', 10);
insert into dailyHrs(PID, WorkDate, Hrs)
values(3009, '23-DEC-2018', 8);
insert into dailyHrs(PID, WorkDate, Hrs)
values(3009, '24-DEC-2018', 13);
insert into dailyHrs(PID, WorkDate, Hrs)
values(3009, '25-DEC-2018', 6);
insert into dailyHrs(PID, WorkDate, Hrs)
values(3009, '26-DEC-2018', 7);
insert into dailyHrs(PID, WorkDate, Hrs)
values(3009, '27-DEC-2018', 6);
insert into dailyHrs(PID, WorkDate, Hrs)
values(3009, '28-DEC-2018', 7);
insert into dailyHrs(PID, WorkDate, Hrs)
values(3009, '29-DEC-2018', 12);
insert into dailyHrs(PID, WorkDate, Hrs)
values(3009, '30-DEC-2018', 13);
insert into dailyHrs(PID, WorkDate, Hrs)
values(3009, '31-DEC-2018', 12);
insert into dailyHrs(PID, WorkDate, Hrs)
values(3009, '01-JAN-2019', 5);
insert into dailyHrs(PID, WorkDate, Hrs)
values(3009, '02-JAN-2019', 6);
insert into dailyHrs(PID, WorkDate, Hrs)
values(3009, '03-JAN-2019', 13);
insert into dailyHrs(PID, WorkDate, Hrs)
values(3009, '04-JAN-2019', 6);
insert into dailyHrs(PID, WorkDate, Hrs)
values(3009, '05-JAN-2019', 13);
insert into dailyHrs(PID, WorkDate, Hrs)
values(3009, '06-JAN-2019', 12);
insert into dailyHrs(PID, WorkDate, Hrs)
values(3009, '07-JAN-2019', 13);
insert into dailyHrs(PID, WorkDate, Hrs)
values(3009, '08-JAN-2019', 11);
insert into dailyHrs(PID, WorkDate, Hrs)
values(3009, '09-JAN-2019', 5);
insert into dailyHrs(PID, WorkDate, Hrs)
values(3009, '10-JAN-2019', 4);
insert into dailyHrs(PID, WorkDate, Hrs)
values(3009, '11-JAN-2019', 12);
insert into dailyHrs(PID, WorkDate, Hrs)
values(3009, '12-JAN-2019', 8);
insert into dailyHrs(PID, WorkDate, Hrs)
values(3009, '13-JAN-2019', 8);
insert into dailyHrs(PID, WorkDate, Hrs)
values(3009, '14-JAN-2019', 7);
insert into dailyHrs(PID, WorkDate, Hrs)
values(3009, '15-JAN-2019', 7);
insert into dailyHrs(PID, WorkDate, Hrs)
values(3009, '16-JAN-2019', 14);
insert into dailyHrs(PID, WorkDate, Hrs)
values(3009, '17-JAN-2019', 4);
insert into dailyHrs(PID, WorkDate, Hrs)
values(3009, '18-JAN-2019', 11);
insert into dailyHrs(PID, WorkDate, Hrs)
values(3009, '19-JAN-2019', 11);
insert into dailyHrs(PID, WorkDate, Hrs)
values(3009, '20-JAN-2019', 6);
insert into dailyHrs(PID, WorkDate, Hrs)
values(3009, '21-JAN-2019', 6);
insert into dailyHrs(PID, WorkDate, Hrs)
values(3009, '22-JAN-2019', 7);
insert into dailyHrs(PID, WorkDate, Hrs)
values(3009, '23-JAN-2019', 14);
insert into dailyHrs(PID, WorkDate, Hrs)
values(3009, '24-JAN-2019', 4);
insert into dailyHrs(PID, WorkDate, Hrs)
values(3009, '25-JAN-2019', 12);
insert into dailyHrs(PID, WorkDate, Hrs)
values(3009, '26-JAN-2019', 6);
insert into dailyHrs(PID, WorkDate, Hrs)
values(3009, '27-JAN-2019', 4);
insert into dailyHrs(PID, WorkDate, Hrs)
values(3009, '28-JAN-2019', 8);
insert into dailyHrs(PID, WorkDate, Hrs)
values(3009, '29-JAN-2019', 8);
insert into dailyHrs(PID, WorkDate, Hrs)
values(3009, '30-JAN-2019', 10);
insert into dailyHrs(PID, WorkDate, Hrs)
values(3009, '31-JAN-2019', 11);
insert into dailyHrs(PID, WorkDate, Hrs)
values(3009, '01-FEB-2019', 10);
insert into dailyHrs(PID, WorkDate, Hrs)
values(3009, '02-FEB-2019', 14);
insert into dailyHrs(PID, WorkDate, Hrs)
values(3009, '03-FEB-2019', 4);
insert into dailyHrs(PID, WorkDate, Hrs)
values(3009, '04-FEB-2019', 14);
insert into dailyHrs(PID, WorkDate, Hrs)
values(3009, '05-FEB-2019', 13);
insert into dailyHrs(PID, WorkDate, Hrs)
values(3009, '06-FEB-2019', 6);
insert into dailyHrs(PID, WorkDate, Hrs)
values(3009, '07-FEB-2019', 8);
insert into dailyHrs(PID, WorkDate, Hrs)
values(3009, '08-FEB-2019', 14);
insert into dailyHrs(PID, WorkDate, Hrs)
values(3009, '09-FEB-2019', 14);
insert into dailyHrs(PID, WorkDate, Hrs)
values(3009, '10-FEB-2019', 14);
insert into dailyHrs(PID, WorkDate, Hrs)
values(3009, '11-FEB-2019', 9);
insert into dailyHrs(PID, WorkDate, Hrs)
values(3009, '12-FEB-2019', 10);
insert into dailyHrs(PID, WorkDate, Hrs)
values(3009, '13-FEB-2019', 13);
insert into dailyHrs(PID, WorkDate, Hrs)
values(3009, '14-FEB-2019', 4);
insert into dailyHrs(PID, WorkDate, Hrs)
values(3009, '15-FEB-2019', 6);
insert into dailyHrs(PID, WorkDate, Hrs)
values(3009, '16-FEB-2019', 4);
insert into dailyHrs(PID, WorkDate, Hrs)
values(3009, '17-FEB-2019', 8);
insert into dailyHrs(PID, WorkDate, Hrs)
values(3009, '18-FEB-2019', 6);
insert into dailyHrs(PID, WorkDate, Hrs)
values(3009, '19-FEB-2019', 10);
insert into dailyHrs(PID, WorkDate, Hrs)
values(3009, '20-FEB-2019', 7);
insert into dailyHrs(PID, WorkDate, Hrs)
values(3009, '21-FEB-2019', 8);
insert into dailyHrs(PID, WorkDate, Hrs)
values(3009, '22-FEB-2019', 9);
insert into dailyHrs(PID, WorkDate, Hrs)
values(3009, '23-FEB-2019', 10);
insert into dailyHrs(PID, WorkDate, Hrs)
values(3009, '24-FEB-2019', 7);
insert into dailyHrs(PID, WorkDate, Hrs)
values(3009, '25-FEB-2019', 9);
insert into dailyHrs(PID, WorkDate, Hrs)
values(3009, '26-FEB-2019', 9);
insert into dailyHrs(PID, WorkDate, Hrs)
values(3009, '27-FEB-2019', 14);
insert into dailyHrs(PID, WorkDate, Hrs)
values(3009, '28-FEB-2019', 12);
insert into dailyHrs(PID, WorkDate, Hrs)
values(3009, '01-MAR-2019', 10);
insert into dailyHrs(PID, WorkDate, Hrs)
values(3009, '02-MAR-2019', 10);
insert into dailyHrs(PID, WorkDate, Hrs)
values(3009, '03-MAR-2019', 12);
insert into dailyHrs(PID, WorkDate, Hrs)
values(3009, '04-MAR-2019', 10);
insert into dailyHrs(PID, WorkDate, Hrs)
values(3009, '05-MAR-2019', 12);
insert into dailyHrs(PID, WorkDate, Hrs)
values(3009, '06-MAR-2019', 6);
insert into dailyHrs(PID, WorkDate, Hrs)
values(3009, '07-MAR-2019', 13);
insert into dailyHrs(PID, WorkDate, Hrs)
values(3009, '08-MAR-2019', 6);
insert into dailyHrs(PID, WorkDate, Hrs)
values(3009, '09-MAR-2019', 11);
insert into dailyHrs(PID, WorkDate, Hrs)
values(3009, '10-MAR-2019', 13);
insert into dailyHrs(PID, WorkDate, Hrs)
values(3009, '11-MAR-2019', 11);
insert into dailyHrs(PID, WorkDate, Hrs)
values(3009, '12-MAR-2019', 12);
insert into dailyHrs(PID, WorkDate, Hrs)
values(3009, '13-MAR-2019', 13);
insert into dailyHrs(PID, WorkDate, Hrs)
values(3009, '14-MAR-2019', 14);
insert into dailyHrs(PID, WorkDate, Hrs)
values(3009, '15-MAR-2019', 12);
insert into dailyHrs(PID, WorkDate, Hrs)
values(3009, '16-MAR-2019', 10);
insert into dailyHrs(PID, WorkDate, Hrs)
values(3009, '17-MAR-2019', 5);
insert into dailyHrs(PID, WorkDate, Hrs)
values(3009, '18-MAR-2019', 7);
insert into dailyHrs(PID, WorkDate, Hrs)
values(3009, '19-MAR-2019', 6);
insert into dailyHrs(PID, WorkDate, Hrs)
values(3009, '20-MAR-2019', 12);
insert into dailyHrs(PID, WorkDate, Hrs)
values(3009, '21-MAR-2019', 10);
insert into dailyHrs(PID, WorkDate, Hrs)
values(3009, '22-MAR-2019', 8);
insert into dailyHrs(PID, WorkDate, Hrs)
values(3009, '23-MAR-2019', 14);
insert into dailyHrs(PID, WorkDate, Hrs)
values(3009, '24-MAR-2019', 12);
insert into dailyHrs(PID, WorkDate, Hrs)
values(3009, '25-MAR-2019', 12);
insert into dailyHrs(PID, WorkDate, Hrs)
values(3009, '26-MAR-2019', 7);
insert into dailyHrs(PID, WorkDate, Hrs)
values(3009, '27-MAR-2019', 7);
insert into dailyHrs(PID, WorkDate, Hrs)
values(3009, '28-MAR-2019', 11);
insert into dailyHrs(PID, WorkDate, Hrs)
values(3009, '29-MAR-2019', 8);
insert into dailyHrs(PID, WorkDate, Hrs)
values(3009, '30-MAR-2019', 4);
insert into dailyHrs(PID, WorkDate, Hrs)
values(3009, '31-MAR-2019', 8);
insert into dailyHrs(PID, WorkDate, Hrs)
values(3009, '01-APR-2019', 13);
insert into dailyHrs(PID, WorkDate, Hrs)
values(3009, '02-APR-2019', 6);
insert into dailyHrs(PID, WorkDate, Hrs)
values(3009, '03-APR-2019', 8);
insert into dailyHrs(PID, WorkDate, Hrs)
values(3009, '04-APR-2019', 6);
insert into dailyHrs(PID, WorkDate, Hrs)
values(3009, '05-APR-2019', 8);
insert into dailyHrs(PID, WorkDate, Hrs)
values(3009, '06-APR-2019', 9);
insert into dailyHrs(PID, WorkDate, Hrs)
values(3009, '07-APR-2019', 10);
insert into dailyHrs(PID, WorkDate, Hrs)
values(3009, '08-APR-2019', 13);
insert into dailyHrs(PID, WorkDate, Hrs)
values(3009, '09-APR-2019', 4);
insert into dailyHrs(PID, WorkDate, Hrs)
values(3009, '10-APR-2019', 6);
insert into dailyHrs(PID, WorkDate, Hrs)
values(3009, '11-APR-2019', 6);
insert into dailyHrs(PID, WorkDate, Hrs)
values(3009, '12-APR-2019', 5);
insert into dailyHrs(PID, WorkDate, Hrs)
values(3009, '13-APR-2019', 5);
insert into dailyHrs(PID, WorkDate, Hrs)
values(3009, '14-APR-2019', 13);
insert into dailyHrs(PID, WorkDate, Hrs)
values(3009, '15-APR-2019', 13);
insert into dailyHrs(PID, WorkDate, Hrs)
values(3009, '16-APR-2019', 6);
insert into dailyHrs(PID, WorkDate, Hrs)
values(3009, '17-APR-2019', 4);
insert into dailyHrs(PID, WorkDate, Hrs)
values(3009, '18-APR-2019', 13);
insert into dailyHrs(PID, WorkDate, Hrs)
values(3009, '19-APR-2019', 5);
insert into dailyHrs(PID, WorkDate, Hrs)
values(3009, '20-APR-2019', 8);
insert into dailyHrs(PID, WorkDate, Hrs)
values(3009, '21-APR-2019', 8);
insert into dailyHrs(PID, WorkDate, Hrs)
values(3009, '22-APR-2019', 7);
insert into dailyHrs(PID, WorkDate, Hrs)
values(3009, '23-APR-2019', 14);
insert into dailyHrs(PID, WorkDate, Hrs)
values(3010, '11-DEC-2018', 13);
insert into dailyHrs(PID, WorkDate, Hrs)
values(3010, '12-DEC-2018', 5);
insert into dailyHrs(PID, WorkDate, Hrs)
values(3010, '13-DEC-2018', 7);
insert into dailyHrs(PID, WorkDate, Hrs)
values(3010, '14-DEC-2018', 12);
insert into dailyHrs(PID, WorkDate, Hrs)
values(3010, '15-DEC-2018', 4);
insert into dailyHrs(PID, WorkDate, Hrs)
values(3010, '16-DEC-2018', 13);
insert into dailyHrs(PID, WorkDate, Hrs)
values(3010, '17-DEC-2018', 12);
insert into dailyHrs(PID, WorkDate, Hrs)
values(3010, '18-DEC-2018', 9);
insert into dailyHrs(PID, WorkDate, Hrs)
values(3010, '19-DEC-2018', 7);
insert into dailyHrs(PID, WorkDate, Hrs)
values(3010, '20-DEC-2018', 8);
insert into dailyHrs(PID, WorkDate, Hrs)
values(3010, '21-DEC-2018', 8);
insert into dailyHrs(PID, WorkDate, Hrs)
values(3010, '22-DEC-2018', 9);
insert into dailyHrs(PID, WorkDate, Hrs)
values(3010, '23-DEC-2018', 11);
insert into dailyHrs(PID, WorkDate, Hrs)
values(3010, '24-DEC-2018', 5);
insert into dailyHrs(PID, WorkDate, Hrs)
values(3010, '25-DEC-2018', 11);
insert into dailyHrs(PID, WorkDate, Hrs)
values(3010, '26-DEC-2018', 12);
insert into dailyHrs(PID, WorkDate, Hrs)
values(3010, '27-DEC-2018', 9);
insert into dailyHrs(PID, WorkDate, Hrs)
values(3010, '28-DEC-2018', 14);
insert into dailyHrs(PID, WorkDate, Hrs)
values(3010, '29-DEC-2018', 6);
insert into dailyHrs(PID, WorkDate, Hrs)
values(3010, '30-DEC-2018', 11);
insert into dailyHrs(PID, WorkDate, Hrs)
values(3010, '31-DEC-2018', 7);
insert into dailyHrs(PID, WorkDate, Hrs)
values(3010, '01-JAN-2019', 7);
insert into dailyHrs(PID, WorkDate, Hrs)
values(3010, '02-JAN-2019', 4);
insert into dailyHrs(PID, WorkDate, Hrs)
values(3010, '03-JAN-2019', 14);
insert into dailyHrs(PID, WorkDate, Hrs)
values(3010, '04-JAN-2019', 5);
insert into dailyHrs(PID, WorkDate, Hrs)
values(3010, '05-JAN-2019', 8);
insert into dailyHrs(PID, WorkDate, Hrs)
values(3010, '06-JAN-2019', 12);
insert into dailyHrs(PID, WorkDate, Hrs)
values(3010, '07-JAN-2019', 6);
insert into dailyHrs(PID, WorkDate, Hrs)
values(3010, '08-JAN-2019', 7);
insert into dailyHrs(PID, WorkDate, Hrs)
values(3010, '09-JAN-2019', 7);
insert into dailyHrs(PID, WorkDate, Hrs)
values(3010, '10-JAN-2019', 4);
insert into dailyHrs(PID, WorkDate, Hrs)
values(3010, '11-JAN-2019', 5);
insert into dailyHrs(PID, WorkDate, Hrs)
values(3010, '12-JAN-2019', 11);
insert into dailyHrs(PID, WorkDate, Hrs)
values(3010, '13-JAN-2019', 12);
insert into dailyHrs(PID, WorkDate, Hrs)
values(3010, '14-JAN-2019', 4);
insert into dailyHrs(PID, WorkDate, Hrs)
values(3010, '15-JAN-2019', 9);
insert into dailyHrs(PID, WorkDate, Hrs)
values(3010, '16-JAN-2019', 6);
insert into dailyHrs(PID, WorkDate, Hrs)
values(3010, '17-JAN-2019', 5);
insert into dailyHrs(PID, WorkDate, Hrs)
values(3010, '18-JAN-2019', 6);
insert into dailyHrs(PID, WorkDate, Hrs)
values(3010, '19-JAN-2019', 7);
insert into dailyHrs(PID, WorkDate, Hrs)
values(3010, '20-JAN-2019', 12);
insert into dailyHrs(PID, WorkDate, Hrs)
values(3010, '21-JAN-2019', 6);
insert into dailyHrs(PID, WorkDate, Hrs)
values(3010, '22-JAN-2019', 9);
insert into dailyHrs(PID, WorkDate, Hrs)
values(3010, '23-JAN-2019', 9);
insert into dailyHrs(PID, WorkDate, Hrs)
values(3010, '24-JAN-2019', 12);
insert into dailyHrs(PID, WorkDate, Hrs)
values(3010, '25-JAN-2019', 8);
insert into dailyHrs(PID, WorkDate, Hrs)
values(3010, '26-JAN-2019', 4);
insert into dailyHrs(PID, WorkDate, Hrs)
values(3010, '27-JAN-2019', 10);
insert into dailyHrs(PID, WorkDate, Hrs)
values(3010, '28-JAN-2019', 10);
insert into dailyHrs(PID, WorkDate, Hrs)
values(3010, '29-JAN-2019', 9);
insert into dailyHrs(PID, WorkDate, Hrs)
values(3010, '30-JAN-2019', 13);
insert into dailyHrs(PID, WorkDate, Hrs)
values(3010, '31-JAN-2019', 12);
insert into dailyHrs(PID, WorkDate, Hrs)
values(3010, '01-FEB-2019', 11);
insert into dailyHrs(PID, WorkDate, Hrs)
values(3010, '02-FEB-2019', 12);
insert into dailyHrs(PID, WorkDate, Hrs)
values(3010, '03-FEB-2019', 12);
insert into dailyHrs(PID, WorkDate, Hrs)
values(3010, '04-FEB-2019', 7);
insert into dailyHrs(PID, WorkDate, Hrs)
values(3010, '05-FEB-2019', 13);
insert into dailyHrs(PID, WorkDate, Hrs)
values(3010, '06-FEB-2019', 10);
insert into dailyHrs(PID, WorkDate, Hrs)
values(3010, '07-FEB-2019', 12);
insert into dailyHrs(PID, WorkDate, Hrs)
values(3010, '08-FEB-2019', 5);
insert into dailyHrs(PID, WorkDate, Hrs)
values(3010, '09-FEB-2019', 6);
insert into dailyHrs(PID, WorkDate, Hrs)
values(3010, '10-FEB-2019', 13);
insert into dailyHrs(PID, WorkDate, Hrs)
values(3010, '11-FEB-2019', 5);
insert into dailyHrs(PID, WorkDate, Hrs)
values(3010, '12-FEB-2019', 11);
insert into dailyHrs(PID, WorkDate, Hrs)
values(3010, '13-FEB-2019', 12);
insert into dailyHrs(PID, WorkDate, Hrs)
values(3010, '14-FEB-2019', 6);
insert into dailyHrs(PID, WorkDate, Hrs)
values(3010, '15-FEB-2019', 9);
insert into dailyHrs(PID, WorkDate, Hrs)
values(3010, '16-FEB-2019', 6);
insert into dailyHrs(PID, WorkDate, Hrs)
values(3010, '17-FEB-2019', 9);
insert into dailyHrs(PID, WorkDate, Hrs)
values(3010, '18-FEB-2019', 8);
insert into dailyHrs(PID, WorkDate, Hrs)
values(3010, '19-FEB-2019', 8);
insert into dailyHrs(PID, WorkDate, Hrs)
values(3010, '20-FEB-2019', 11);
insert into dailyHrs(PID, WorkDate, Hrs)
values(3010, '21-FEB-2019', 10);
insert into dailyHrs(PID, WorkDate, Hrs)
values(3010, '22-FEB-2019', 10);
insert into dailyHrs(PID, WorkDate, Hrs)
values(3010, '23-FEB-2019', 5);
insert into dailyHrs(PID, WorkDate, Hrs)
values(3010, '24-FEB-2019', 10);
insert into dailyHrs(PID, WorkDate, Hrs)
values(3010, '25-FEB-2019', 12);
insert into dailyHrs(PID, WorkDate, Hrs)
values(3010, '26-FEB-2019', 11);
insert into dailyHrs(PID, WorkDate, Hrs)
values(3010, '27-FEB-2019', 14);
insert into dailyHrs(PID, WorkDate, Hrs)
values(3010, '28-FEB-2019', 8);
insert into dailyHrs(PID, WorkDate, Hrs)
values(3010, '01-MAR-2019', 9);
insert into dailyHrs(PID, WorkDate, Hrs)
values(3010, '02-MAR-2019', 5);
insert into dailyHrs(PID, WorkDate, Hrs)
values(3010, '03-MAR-2019', 13);
insert into dailyHrs(PID, WorkDate, Hrs)
values(3010, '04-MAR-2019', 14);
insert into dailyHrs(PID, WorkDate, Hrs)
values(3010, '05-MAR-2019', 6);
insert into dailyHrs(PID, WorkDate, Hrs)
values(3010, '06-MAR-2019', 9);
insert into dailyHrs(PID, WorkDate, Hrs)
values(3010, '07-MAR-2019', 12);
insert into dailyHrs(PID, WorkDate, Hrs)
values(3010, '08-MAR-2019', 10);
insert into dailyHrs(PID, WorkDate, Hrs)
values(3010, '09-MAR-2019', 4);
insert into dailyHrs(PID, WorkDate, Hrs)
values(3010, '10-MAR-2019', 13);
insert into dailyHrs(PID, WorkDate, Hrs)
values(3010, '11-MAR-2019', 6);
insert into dailyHrs(PID, WorkDate, Hrs)
values(3010, '12-MAR-2019', 13);
insert into dailyHrs(PID, WorkDate, Hrs)
values(3010, '13-MAR-2019', 8);
insert into dailyHrs(PID, WorkDate, Hrs)
values(3010, '14-MAR-2019', 5);
insert into dailyHrs(PID, WorkDate, Hrs)
values(3010, '15-MAR-2019', 14);
insert into dailyHrs(PID, WorkDate, Hrs)
values(3010, '16-MAR-2019', 14);
insert into dailyHrs(PID, WorkDate, Hrs)
values(3010, '17-MAR-2019', 11);
insert into dailyHrs(PID, WorkDate, Hrs)
values(3010, '18-MAR-2019', 13);
insert into dailyHrs(PID, WorkDate, Hrs)
values(3010, '19-MAR-2019', 5);
insert into dailyHrs(PID, WorkDate, Hrs)
values(3010, '20-MAR-2019', 13);
insert into dailyHrs(PID, WorkDate, Hrs)
values(3010, '21-MAR-2019', 5);
insert into dailyHrs(PID, WorkDate, Hrs)
values(3010, '22-MAR-2019', 7);
insert into dailyHrs(PID, WorkDate, Hrs)
values(3010, '23-MAR-2019', 5);
insert into dailyHrs(PID, WorkDate, Hrs)
values(3010, '24-MAR-2019', 5);
insert into dailyHrs(PID, WorkDate, Hrs)
values(3010, '25-MAR-2019', 10);
insert into dailyHrs(PID, WorkDate, Hrs)
values(3010, '26-MAR-2019', 4);
insert into dailyHrs(PID, WorkDate, Hrs)
values(3010, '27-MAR-2019', 8);
insert into dailyHrs(PID, WorkDate, Hrs)
values(3010, '28-MAR-2019', 7);
insert into dailyHrs(PID, WorkDate, Hrs)
values(3010, '29-MAR-2019', 11);
insert into dailyHrs(PID, WorkDate, Hrs)
values(3010, '30-MAR-2019', 10);
insert into dailyHrs(PID, WorkDate, Hrs)
values(3010, '31-MAR-2019', 14);
insert into dailyHrs(PID, WorkDate, Hrs)
values(3010, '01-APR-2019', 14);
insert into dailyHrs(PID, WorkDate, Hrs)
values(3010, '02-APR-2019', 10);
insert into dailyHrs(PID, WorkDate, Hrs)
values(3010, '03-APR-2019', 7);
insert into dailyHrs(PID, WorkDate, Hrs)
values(3010, '04-APR-2019', 4);
insert into dailyHrs(PID, WorkDate, Hrs)
values(3010, '05-APR-2019', 5);
insert into dailyHrs(PID, WorkDate, Hrs)
values(3010, '06-APR-2019', 13);
insert into dailyHrs(PID, WorkDate, Hrs)
values(3010, '07-APR-2019', 6);
insert into dailyHrs(PID, WorkDate, Hrs)
values(3010, '08-APR-2019', 10);
insert into dailyHrs(PID, WorkDate, Hrs)
values(3010, '09-APR-2019', 12);
insert into dailyHrs(PID, WorkDate, Hrs)
values(3010, '10-APR-2019', 10);
insert into dailyHrs(PID, WorkDate, Hrs)
values(3010, '11-APR-2019', 10);
insert into dailyHrs(PID, WorkDate, Hrs)
values(3010, '12-APR-2019', 8);
insert into dailyHrs(PID, WorkDate, Hrs)
values(3010, '13-APR-2019', 9);
insert into dailyHrs(PID, WorkDate, Hrs)
values(3010, '14-APR-2019', 4);
insert into dailyHrs(PID, WorkDate, Hrs)
values(3010, '15-APR-2019', 14);
insert into dailyHrs(PID, WorkDate, Hrs)
values(3010, '16-APR-2019', 14);
insert into dailyHrs(PID, WorkDate, Hrs)
values(3010, '17-APR-2019', 5);
insert into dailyHrs(PID, WorkDate, Hrs)
values(3010, '18-APR-2019', 13);
insert into dailyHrs(PID, WorkDate, Hrs)
values(3010, '19-APR-2019', 10);
insert into dailyHrs(PID, WorkDate, Hrs)
values(3010, '20-APR-2019', 13);
insert into dailyHrs(PID, WorkDate, Hrs)
values(3010, '21-APR-2019', 11);
insert into dailyHrs(PID, WorkDate, Hrs)
values(3010, '22-APR-2019', 12);
insert into dailyHrs(PID, WorkDate, Hrs)
values(3010, '23-APR-2019', 4);
commit;